subject,trial,window_index,start_seconds,end_seconds,samples,status,issues,max_abs_uv,max_peak_to_peak_uv,over_200uv_fraction,flat_channels,variance_outlier_channels,source_path,exclude_primary,exclusion_reason,stimulus,valence,arousal,valence_label_fixed5,arousal_label_fixed5,quadrant_label_fixed5,valence_binary_eligible_fixed5,arousal_binary_eligible_fixed5,quadrant_label_eligible_fixed5,label_source,subject_relative_label_status,include_primary,include_pass_review_ablation,retain_for_analysis,include_excluded_trial_ablation,include_primary_valence_binary,include_primary_arousal_binary,include_primary_quadrant,primary_exclusion_reason,split_group
sub-mit121,1,1,0.0,4.0,1000,pass,,76.7962186781785,135.8956371691035,0.0,0,5,data/processed/sub-mit121/trials/sub-mit121_trial-01_eeg.fif,False,,neutral_1.mp4,7.01,7.04,high,high,HVHA,True,True,True,self_report,derive_inside_training_fold,True,True,True,False,True,True,True,,sub-mit121_trial-01
sub-mit121,1,2,2.0,6.0,1000,pass,,64.90122969453859,102.90701649433517,0.0,0,4,data/processed/sub-mit121/trials/sub-mit121_trial-01_eeg.fif,False,,neutral_1.mp4,7.01,7.04,high,high,HVHA,True,True,True,self_report,derive_inside_training_fold,True,True,True,False,True,True,True,,sub-mit121_trial-01
sub-mit121,1,3,4.0,8.0,1000,pass,,61.54735168176608,118.27188080490782,0.0,0,5,data/processed/sub-mit121/trials/sub-mit121_trial-01_eeg.fif,False,,neutral_1.mp4,7.01,7.04,high,high,HVHA,True,True,True,self_report,derive_inside_training_fold,True,True,True,False,True,True,True,,sub-mit121_trial-01
sub-mit121,1,4,6.0,10.0,1000,pass,,408.15811054176544,483.37977478056,0.00078125,0,5,data/processed/sub-mit121/trials/sub-mit121_trial-01_eeg.fif,False,,neutral_1.mp4,7.01,7.04,high,high,HVHA,True,True,True,self_report,derive_inside_training_fold,True,True,True,False,True,True,True,,sub-mit121_trial-01
sub-mit121,1,5,8.0,12.0,1000,pass,,408.15811054176544,483.37977478056,0.00078125,0,2,data/processed/sub-mit121/trials/sub-mit121_trial-01_eeg.fif,False,,neutral_1.mp4,7.01,7.04,high,high,HVHA,True,True,True,self_report,derive_inside_training_fold,True,True,True,False,True,True,True,,sub-mit121_trial-01
sub-mit121,1,6,10.0,14.0,1000,pass,,60.35691436787711,90.05965019376382,0.0,0,4,data/processed/sub-mit121/trials/sub-mit121_trial-01_eeg.fif,False,,neutral_1.mp4,7.01,7.04,high,high,HVHA,True,True,True,self_report,derive_inside_training_fold,True,True,True,False,True,True,True,,sub-mit121_trial-01
sub-mit121,1,7,12.0,16.0,1000,pass,,69.09985334116465,113.83347291816452,0.0,0,3,data/processed/sub-mit121/trials/sub-mit121_trial-01_eeg.fif,False,,neutral_1.mp4,7.01,7.04,high,high,HVHA,True,True,True,self_report,derive_inside_training_fold,True,True,True,False,True,True,True,,sub-mit121_trial-01
sub-mit121,1,8,14.0,18.0,1000,pass,,77.02939586264837,113.83347291816452,0.0,0,4,data/processed/sub-mit121/trials/sub-mit121_trial-01_eeg.fif,False,,neutral_1.mp4,7.01,7.04,high,high,HVHA,True,True,True,self_report,derive_inside_training_fold,True,True,True,False,True,True,True,,sub-mit121_trial-01
sub-mit121,1,9,16.0,20.0,1000,pass,,77.02939586264837,112.72468919904009,0.0,0,1,data/processed/sub-mit121/trials/sub-mit121_trial-01_eeg.fif,False,,neutral_1.mp4,7.01,7.04,high,high,HVHA,True,True,True,self_report,derive_inside_training_fold,True,True,True,False,True,True,True,,sub-mit121_trial-01
sub-mit121,1,10,18.0,22.0,1000,review,variance_outliers,396.27212424364967,449.69609337756594,0.000625,0,7,data/processed/sub-mit121/trials/sub-mit121_trial-01_eeg.fif,False,,neutral_1.mp4,7.01,7.04,high,high,HVHA,True,True,True,self_report,derive_inside_training_fold,False,True,True,False,False,False,False,window_qc_review,sub-mit121_trial-01
sub-mit121,1,11,20.0,24.0,1000,review,variance_outliers,396.27212424364967,450.6149700231952,0.000625,0,7,data/processed/sub-mit121/trials/sub-mit121_trial-01_eeg.fif,False,,neutral_1.mp4,7.01,7.04,high,high,HVHA,True,True,True,self_report,derive_inside_training_fold,False,True,True,False,False,False,False,window_qc_review,sub-mit121_trial-01
sub-mit121,1,12,22.0,26.0,1000,pass,,60.179107514077984,111.3422467281652,0.0,0,2,data/processed/sub-mit121/trials/sub-mit121_trial-01_eeg.fif,False,,neutral_1.mp4,7.01,7.04,high,high,HVHA,True,True,True,self_report,derive_inside_training_fold,True,True,True,False,True,True,True,,sub-mit121_trial-01
sub-mit121,1,13,24.0,28.0,1000,pass,,55.45252595252513,94.8536717881054,0.0,0,0,data/processed/sub-mit121/trials/sub-mit121_trial-01_eeg.fif,False,,neutral_1.mp4,7.01,7.04,high,high,HVHA,True,True,True,self_report,derive_inside_training_fold,True,True,True,False,True,True,True,,sub-mit121_trial-01
sub-mit121,1,14,26.0,30.0,1000,review,variance_outliers,113.33384675975798,154.15880927265164,0.0,0,6,data/processed/sub-mit121/trials/sub-mit121_trial-01_eeg.fif,False,,neutral_1.mp4,7.01,7.04,high,high,HVHA,True,True,True,self_report,derive_inside_training_fold,False,True,True,False,False,False,False,window_qc_review,sub-mit121_trial-01
sub-mit121,1,15,28.0,32.0,1000,review,variance_outliers,140.65307581676012,248.73638853215724,0.0,0,8,data/processed/sub-mit121/trials/sub-mit121_trial-01_eeg.fif,False,,neutral_1.mp4,7.01,7.04,high,high,HVHA,True,True,True,self_report,derive_inside_training_fold,False,True,True,False,False,False,False,window_qc_review,sub-mit121_trial-01
sub-mit121,1,16,30.0,34.0,1000,pass,,140.65307581676012,214.15515845589223,0.0,0,4,data/processed/sub-mit121/trials/sub-mit121_trial-01_eeg.fif,False,,neutral_1.mp4,7.01,7.04,high,high,HVHA,True,True,True,self_report,derive_inside_training_fold,True,True,True,False,True,True,True,,sub-mit121_trial-01
sub-mit121,1,17,32.0,36.0,1000,pass,,110.31838961405096,193.5110697628964,0.0,0,2,data/processed/sub-mit121/trials/sub-mit121_trial-01_eeg.fif,False,,neutral_1.mp4,7.01,7.04,high,high,HVHA,True,True,True,self_report,derive_inside_training_fold,True,True,True,False,True,True,True,,sub-mit121_trial-01
sub-mit121,1,18,34.0,38.0,1000,pass,,110.31838961405096,193.5110697628964,0.0,0,1,data/processed/sub-mit121/trials/sub-mit121_trial-01_eeg.fif,False,,neutral_1.mp4,7.01,7.04,high,high,HVHA,True,True,True,self_report,derive_inside_training_fold,True,True,True,False,True,True,True,,sub-mit121_trial-01
sub-mit121,1,19,36.0,40.0,1000,pass,,110.40892000933022,166.19119983675523,0.0,0,2,data/processed/sub-mit121/trials/sub-mit121_trial-01_eeg.fif,False,,neutral_1.mp4,7.01,7.04,high,high,HVHA,True,True,True,self_report,derive_inside_training_fold,True,True,True,False,True,True,True,,sub-mit121_trial-01
sub-mit121,1,20,38.0,42.0,1000,pass,,110.40892000933022,191.5065073900277,0.0,0,2,data/processed/sub-mit121/trials/sub-mit121_trial-01_eeg.fif,False,,neutral_1.mp4,7.01,7.04,high,high,HVHA,True,True,True,self_report,derive_inside_training_fold,True,True,True,False,True,True,True,,sub-mit121_trial-01
sub-mit121,1,21,40.0,44.0,1000,pass,,109.83518191263424,191.5065073900277,0.0,0,0,data/processed/sub-mit121/trials/sub-mit121_trial-01_eeg.fif,False,,neutral_1.mp4,7.01,7.04,high,high,HVHA,True,True,True,self_report,derive_inside_training_fold,True,True,True,False,True,True,True,,sub-mit121_trial-01
sub-mit121,1,22,42.0,46.0,1000,pass,,128.3936459160716,226.22776737316576,0.0,0,1,data/processed/sub-mit121/trials/sub-mit121_trial-01_eeg.fif,False,,neutral_1.mp4,7.01,7.04,high,high,HVHA,True,True,True,self_report,derive_inside_training_fold,True,True,True,False,True,True,True,,sub-mit121_trial-01
sub-mit121,1,23,44.0,48.0,1000,pass,,367.0208730967989,444.7442081666796,0.000515625,0,0,data/processed/sub-mit121/trials/sub-mit121_trial-01_eeg.fif,False,,neutral_1.mp4,7.01,7.04,high,high,HVHA,True,True,True,self_report,derive_inside_training_fold,True,True,True,False,True,True,True,,sub-mit121_trial-01
sub-mit121,1,24,46.0,50.0,1000,pass,,367.0208730967989,444.7442081666796,0.000515625,0,4,data/processed/sub-mit121/trials/sub-mit121_trial-01_eeg.fif,False,,neutral_1.mp4,7.01,7.04,high,high,HVHA,True,True,True,self_report,derive_inside_training_fold,True,True,True,False,True,True,True,,sub-mit121_trial-01
sub-mit121,1,25,48.0,52.0,1000,pass,,83.80535867513056,109.34062548688092,0.0,0,2,data/processed/sub-mit121/trials/sub-mit121_trial-01_eeg.fif,False,,neutral_1.mp4,7.01,7.04,high,high,HVHA,True,True,True,self_report,derive_inside_training_fold,True,True,True,False,True,True,True,,sub-mit121_trial-01
sub-mit121,1,26,50.0,54.0,1000,pass,,71.59767895741683,121.71354263093528,0.0,0,0,data/processed/sub-mit121/trials/sub-mit121_trial-01_eeg.fif,False,,neutral_1.mp4,7.01,7.04,high,high,HVHA,True,True,True,self_report,derive_inside_training_fold,True,True,True,False,True,True,True,,sub-mit121_trial-01
sub-mit121,1,27,52.0,56.0,1000,pass,,67.54777509801295,117.64915818074763,0.0,0,0,data/processed/sub-mit121/trials/sub-mit121_trial-01_eeg.fif,False,,neutral_1.mp4,7.01,7.04,high,high,HVHA,True,True,True,self_report,derive_inside_training_fold,True,True,True,False,True,True,True,,sub-mit121_trial-01
sub-mit121,1,28,54.0,58.0,1000,pass,,67.54777509801295,115.06868333374707,0.0,0,4,data/processed/sub-mit121/trials/sub-mit121_trial-01_eeg.fif,False,,neutral_1.mp4,7.01,7.04,high,high,HVHA,True,True,True,self_report,derive_inside_training_fold,True,True,True,False,True,True,True,,sub-mit121_trial-01
sub-mit121,1,29,56.0,60.0,1000,pass,,62.04516204427876,119.72811477950268,0.0,0,3,data/processed/sub-mit121/trials/sub-mit121_trial-01_eeg.fif,False,,neutral_1.mp4,7.01,7.04,high,high,HVHA,True,True,True,self_report,derive_inside_training_fold,True,True,True,False,True,True,True,,sub-mit121_trial-01
sub-mit121,2,1,0.0,4.0,1000,pass,,384.74938867703867,445.7651127051177,0.00053125,0,2,data/processed/sub-mit121/trials/sub-mit121_trial-02_eeg.fif,False,,12.m4v,8.74,8.2,high,high,HVHA,True,True,True,self_report,derive_inside_training_fold,True,True,True,False,True,True,True,,sub-mit121_trial-02
sub-mit121,2,2,2.0,6.0,1000,review,variance_outliers,384.74938867703867,427.80977904073376,0.00053125,0,6,data/processed/sub-mit121/trials/sub-mit121_trial-02_eeg.fif,False,,12.m4v,8.74,8.2,high,high,HVHA,True,True,True,self_report,derive_inside_training_fold,False,True,True,False,False,False,False,window_qc_review,sub-mit121_trial-02
sub-mit121,2,3,4.0,8.0,1000,pass,,169.34283404510668,324.65115274478774,0.0,0,2,data/processed/sub-mit121/trials/sub-mit121_trial-02_eeg.fif,False,,12.m4v,8.74,8.2,high,high,HVHA,True,True,True,self_report,derive_inside_training_fold,True,True,True,False,True,True,True,,sub-mit121_trial-02
sub-mit121,2,4,6.0,10.0,1000,pass,,212.6229242678662,254.68243343901992,5.46875e-05,0,3,data/processed/sub-mit121/trials/sub-mit121_trial-02_eeg.fif,False,,12.m4v,8.74,8.2,high,high,HVHA,True,True,True,self_report,derive_inside_training_fold,True,True,True,False,True,True,True,,sub-mit121_trial-02
sub-mit121,2,5,8.0,12.0,1000,pass,,212.6229242678662,335.8327170476117,5.46875e-05,0,5,data/processed/sub-mit121/trials/sub-mit121_trial-02_eeg.fif,False,,12.m4v,8.74,8.2,high,high,HVHA,True,True,True,self_report,derive_inside_training_fold,True,True,True,False,True,True,True,,sub-mit121_trial-02
sub-mit121,2,6,10.0,14.0,1000,pass,,124.99753538997795,248.01150450078427,0.0,0,4,data/processed/sub-mit121/trials/sub-mit121_trial-02_eeg.fif,False,,12.m4v,8.74,8.2,high,high,HVHA,True,True,True,self_report,derive_inside_training_fold,True,True,True,False,True,True,True,,sub-mit121_trial-02
sub-mit121,2,7,12.0,16.0,1000,pass,,130.3692928837398,257.7692177940195,0.0,0,3,data/processed/sub-mit121/trials/sub-mit121_trial-02_eeg.fif,False,,12.m4v,8.74,8.2,high,high,HVHA,True,True,True,self_report,derive_inside_training_fold,True,True,True,False,True,True,True,,sub-mit121_trial-02
sub-mit121,2,8,14.0,18.0,1000,review,variance_outliers,130.3692928837398,257.7692177940195,0.0,0,10,data/processed/sub-mit121/trials/sub-mit121_trial-02_eeg.fif,False,,12.m4v,8.74,8.2,high,high,HVHA,True,True,True,self_report,derive_inside_training_fold,False,True,True,False,False,False,False,window_qc_review,sub-mit121_trial-02
sub-mit121,2,9,16.0,20.0,1000,pass,,95.81149267802112,186.9289012004132,0.0,0,2,data/processed/sub-mit121/trials/sub-mit121_trial-02_eeg.fif,False,,12.m4v,8.74,8.2,high,high,HVHA,True,True,True,self_report,derive_inside_training_fold,True,True,True,False,True,True,True,,sub-mit121_trial-02
sub-mit121,2,10,18.0,22.0,1000,pass,,94.94397711624651,186.9289012004132,0.0,0,1,data/processed/sub-mit121/trials/sub-mit121_trial-02_eeg.fif,False,,12.m4v,8.74,8.2,high,high,HVHA,True,True,True,self_report,derive_inside_training_fold,True,True,True,False,True,True,True,,sub-mit121_trial-02
sub-mit121,2,11,20.0,24.0,1000,pass,,86.70403267904258,171.59679369517772,0.0,0,3,data/processed/sub-mit121/trials/sub-mit121_trial-02_eeg.fif,False,,12.m4v,8.74,8.2,high,high,HVHA,True,True,True,self_report,derive_inside_training_fold,True,True,True,False,True,True,True,,sub-mit121_trial-02
sub-mit121,2,12,22.0,26.0,1000,pass,,115.81905335748736,218.55416051998117,0.0,0,4,data/processed/sub-mit121/trials/sub-mit121_trial-02_eeg.fif,False,,12.m4v,8.74,8.2,high,high,HVHA,True,True,True,self_report,derive_inside_training_fold,True,True,True,False,True,True,True,,sub-mit121_trial-02
sub-mit121,2,13,24.0,28.0,1000,pass,,115.81905335748736,218.55416051998117,0.0,0,3,data/processed/sub-mit121/trials/sub-mit121_trial-02_eeg.fif,False,,12.m4v,8.74,8.2,high,high,HVHA,True,True,True,self_report,derive_inside_training_fold,True,True,True,False,True,True,True,,sub-mit121_trial-02
sub-mit121,2,14,26.0,30.0,1000,pass,,93.98232245558854,179.38557388791529,0.0,0,2,data/processed/sub-mit121/trials/sub-mit121_trial-02_eeg.fif,False,,12.m4v,8.74,8.2,high,high,HVHA,True,True,True,self_report,derive_inside_training_fold,True,True,True,False,True,True,True,,sub-mit121_trial-02
sub-mit121,2,15,28.0,32.0,1000,pass,,93.98232245558854,179.38557388791529,0.0,0,4,data/processed/sub-mit121/trials/sub-mit121_trial-02_eeg.fif,False,,12.m4v,8.74,8.2,high,high,HVHA,True,True,True,self_report,derive_inside_training_fold,True,True,True,False,True,True,True,,sub-mit121_trial-02
sub-mit121,2,16,30.0,34.0,1000,pass,,48.14400851492268,79.1592138199176,0.0,0,2,data/processed/sub-mit121/trials/sub-mit121_trial-02_eeg.fif,False,,12.m4v,8.74,8.2,high,high,HVHA,True,True,True,self_report,derive_inside_training_fold,True,True,True,False,True,True,True,,sub-mit121_trial-02
sub-mit121,2,17,32.0,36.0,1000,pass,,79.12166575482684,151.4966960896756,0.0,0,3,data/processed/sub-mit121/trials/sub-mit121_trial-02_eeg.fif,False,,12.m4v,8.74,8.2,high,high,HVHA,True,True,True,self_report,derive_inside_training_fold,True,True,True,False,True,True,True,,sub-mit121_trial-02
sub-mit121,2,18,34.0,38.0,1000,pass,,84.891402983912,164.82257801403878,0.0,0,2,data/processed/sub-mit121/trials/sub-mit121_trial-02_eeg.fif,False,,12.m4v,8.74,8.2,high,high,HVHA,True,True,True,self_report,derive_inside_training_fold,True,True,True,False,True,True,True,,sub-mit121_trial-02
sub-mit121,2,19,36.0,40.0,1000,pass,,93.31027198121107,183.475783838526,0.0,0,4,data/processed/sub-mit121/trials/sub-mit121_trial-02_eeg.fif,False,,12.m4v,8.74,8.2,high,high,HVHA,True,True,True,self_report,derive_inside_training_fold,True,True,True,False,True,True,True,,sub-mit121_trial-02
sub-mit121,2,20,38.0,42.0,1000,pass,,93.31027198121107,183.475783838526,0.0,0,5,data/processed/sub-mit121/trials/sub-mit121_trial-02_eeg.fif,False,,12.m4v,8.74,8.2,high,high,HVHA,True,True,True,self_report,derive_inside_training_fold,True,True,True,False,True,True,True,,sub-mit121_trial-02
sub-mit121,2,21,40.0,44.0,1000,pass,,78.69429759184334,146.88389550317726,0.0,0,2,data/processed/sub-mit121/trials/sub-mit121_trial-02_eeg.fif,False,,12.m4v,8.74,8.2,high,high,HVHA,True,True,True,self_report,derive_inside_training_fold,True,True,True,False,True,True,True,,sub-mit121_trial-02
sub-mit121,2,22,42.0,46.0,1000,pass,,62.12131484560016,117.96414536256955,0.0,0,1,data/processed/sub-mit121/trials/sub-mit121_trial-02_eeg.fif,False,,12.m4v,8.74,8.2,high,high,HVHA,True,True,True,self_report,derive_inside_training_fold,True,True,True,False,True,True,True,,sub-mit121_trial-02
sub-mit121,2,23,44.0,48.0,1000,review,variance_outliers,421.44866836953815,478.31722138757993,0.000859375,0,6,data/processed/sub-mit121/trials/sub-mit121_trial-02_eeg.fif,False,,12.m4v,8.74,8.2,high,high,HVHA,True,True,True,self_report,derive_inside_training_fold,False,True,True,False,False,False,False,window_qc_review,sub-mit121_trial-02
sub-mit121,2,24,46.0,50.0,1000,review,variance_outliers,421.44866836953815,478.31722138757993,0.000859375,0,7,data/processed/sub-mit121/trials/sub-mit121_trial-02_eeg.fif,False,,12.m4v,8.74,8.2,high,high,HVHA,True,True,True,self_report,derive_inside_training_fold,False,True,True,False,False,False,False,window_qc_review,sub-mit121_trial-02
sub-mit121,2,25,48.0,52.0,1000,pass,,53.7066305711909,99.97851537257851,0.0,0,3,data/processed/sub-mit121/trials/sub-mit121_trial-02_eeg.fif,False,,12.m4v,8.74,8.2,high,high,HVHA,True,True,True,self_report,derive_inside_training_fold,True,True,True,False,True,True,True,,sub-mit121_trial-02
sub-mit121,2,26,50.0,54.0,1000,pass,,86.32659127374552,164.363837780822,0.0,0,1,data/processed/sub-mit121/trials/sub-mit121_trial-02_eeg.fif,False,,12.m4v,8.74,8.2,high,high,HVHA,True,True,True,self_report,derive_inside_training_fold,True,True,True,False,True,True,True,,sub-mit121_trial-02
sub-mit121,2,27,52.0,56.0,1000,pass,,98.70072149152728,194.1295924053777,0.0,0,1,data/processed/sub-mit121/trials/sub-mit121_trial-02_eeg.fif,False,,12.m4v,8.74,8.2,high,high,HVHA,True,True,True,self_report,derive_inside_training_fold,True,True,True,False,True,True,True,,sub-mit121_trial-02
sub-mit121,2,28,54.0,58.0,1000,pass,,98.70072149152728,194.1295924053777,0.0,0,1,data/processed/sub-mit121/trials/sub-mit121_trial-02_eeg.fif,False,,12.m4v,8.74,8.2,high,high,HVHA,True,True,True,self_report,derive_inside_training_fold,True,True,True,False,True,True,True,,sub-mit121_trial-02
sub-mit121,2,29,56.0,60.0,1000,pass,,83.76020028901411,161.85465199614146,0.0,0,3,data/processed/sub-mit121/trials/sub-mit121_trial-02_eeg.fif,False,,12.m4v,8.74,8.2,high,high,HVHA,True,True,True,self_report,derive_inside_training_fold,True,True,True,False,True,True,True,,sub-mit121_trial-02
sub-mit121,3,1,0.0,4.0,1000,review,amplitude_warning,449.6731861205437,512.650683062371,0.001265625,0,3,data/processed/sub-mit121/trials/sub-mit121_trial-03_eeg.fif,False,,5.mp4,4.02,6.04,low,high,LVHA,True,True,True,self_report,derive_inside_training_fold,False,True,True,False,False,False,False,window_qc_review,sub-mit121_trial-03
sub-mit121,3,2,2.0,6.0,1000,pass,,81.81449106541092,134.8221355848998,0.0,0,3,data/processed/sub-mit121/trials/sub-mit121_trial-03_eeg.fif,False,,5.mp4,4.02,6.04,low,high,LVHA,True,True,True,self_report,derive_inside_training_fold,True,True,True,False,True,True,True,,sub-mit121_trial-03
sub-mit121,3,3,4.0,8.0,1000,pass,,65.76213057127127,100.63959096295048,0.0,0,1,data/processed/sub-mit121/trials/sub-mit121_trial-03_eeg.fif,False,,5.mp4,4.02,6.04,low,high,LVHA,True,True,True,self_report,derive_inside_training_fold,True,True,True,False,True,True,True,,sub-mit121_trial-03
sub-mit121,3,4,6.0,10.0,1000,pass,,44.372054941682265,67.05159742592583,0.0,0,0,data/processed/sub-mit121/trials/sub-mit121_trial-03_eeg.fif,False,,5.mp4,4.02,6.04,low,high,LVHA,True,True,True,self_report,derive_inside_training_fold,True,True,True,False,True,True,True,,sub-mit121_trial-03
sub-mit121,3,5,8.0,12.0,1000,pass,,41.68930043185401,65.11800749550494,0.0,0,0,data/processed/sub-mit121/trials/sub-mit121_trial-03_eeg.fif,False,,5.mp4,4.02,6.04,low,high,LVHA,True,True,True,self_report,derive_inside_training_fold,True,True,True,False,True,True,True,,sub-mit121_trial-03
sub-mit121,3,6,10.0,14.0,1000,pass,,77.11614207824968,129.37852826832133,0.0,0,2,data/processed/sub-mit121/trials/sub-mit121_trial-03_eeg.fif,False,,5.mp4,4.02,6.04,low,high,LVHA,True,True,True,self_report,derive_inside_training_fold,True,True,True,False,True,True,True,,sub-mit121_trial-03
sub-mit121,3,7,12.0,16.0,1000,pass,,77.11614207824968,129.37852826832133,0.0,0,4,data/processed/sub-mit121/trials/sub-mit121_trial-03_eeg.fif,False,,5.mp4,4.02,6.04,low,high,LVHA,True,True,True,self_report,derive_inside_training_fold,True,True,True,False,True,True,True,,sub-mit121_trial-03
sub-mit121,3,8,14.0,18.0,1000,pass,,57.15533051365565,86.65942742402825,0.0,0,1,data/processed/sub-mit121/trials/sub-mit121_trial-03_eeg.fif,False,,5.mp4,4.02,6.04,low,high,LVHA,True,True,True,self_report,derive_inside_training_fold,True,True,True,False,True,True,True,,sub-mit121_trial-03
sub-mit121,3,9,16.0,20.0,1000,pass,,39.21689595811576,68.72099286848837,0.0,0,1,data/processed/sub-mit121/trials/sub-mit121_trial-03_eeg.fif,False,,5.mp4,4.02,6.04,low,high,LVHA,True,True,True,self_report,derive_inside_training_fold,True,True,True,False,True,True,True,,sub-mit121_trial-03
sub-mit121,3,10,18.0,22.0,1000,pass,,36.85656347506136,65.4500082270886,0.0,0,0,data/processed/sub-mit121/trials/sub-mit121_trial-03_eeg.fif,False,,5.mp4,4.02,6.04,low,high,LVHA,True,True,True,self_report,derive_inside_training_fold,True,True,True,False,True,True,True,,sub-mit121_trial-03
sub-mit121,3,11,20.0,24.0,1000,pass,,35.99246206733089,66.5126817931312,0.0,0,0,data/processed/sub-mit121/trials/sub-mit121_trial-03_eeg.fif,False,,5.mp4,4.02,6.04,low,high,LVHA,True,True,True,self_report,derive_inside_training_fold,True,True,True,False,True,True,True,,sub-mit121_trial-03
sub-mit121,3,12,22.0,26.0,1000,pass,,69.22478467629844,108.11209842089085,0.0,0,1,data/processed/sub-mit121/trials/sub-mit121_trial-03_eeg.fif,False,,5.mp4,4.02,6.04,low,high,LVHA,True,True,True,self_report,derive_inside_training_fold,True,True,True,False,True,True,True,,sub-mit121_trial-03
sub-mit121,3,13,24.0,28.0,1000,pass,,69.22478467629844,115.5955464305614,0.0,0,2,data/processed/sub-mit121/trials/sub-mit121_trial-03_eeg.fif,False,,5.mp4,4.02,6.04,low,high,LVHA,True,True,True,self_report,derive_inside_training_fold,True,True,True,False,True,True,True,,sub-mit121_trial-03
sub-mit121,3,14,26.0,30.0,1000,pass,,63.91187270240757,106.13008090880513,0.0,0,3,data/processed/sub-mit121/trials/sub-mit121_trial-03_eeg.fif,False,,5.mp4,4.02,6.04,low,high,LVHA,True,True,True,self_report,derive_inside_training_fold,True,True,True,False,True,True,True,,sub-mit121_trial-03
sub-mit121,3,15,28.0,32.0,1000,pass,,65.13632185703096,110.78760119123544,0.0,0,3,data/processed/sub-mit121/trials/sub-mit121_trial-03_eeg.fif,False,,5.mp4,4.02,6.04,low,high,LVHA,True,True,True,self_report,derive_inside_training_fold,True,True,True,False,True,True,True,,sub-mit121_trial-03
sub-mit121,3,16,30.0,34.0,1000,pass,,65.13632185703096,113.1613652233282,0.0,0,1,data/processed/sub-mit121/trials/sub-mit121_trial-03_eeg.fif,False,,5.mp4,4.02,6.04,low,high,LVHA,True,True,True,self_report,derive_inside_training_fold,True,True,True,False,True,True,True,,sub-mit121_trial-03
sub-mit121,3,17,32.0,36.0,1000,pass,,56.334392405376754,93.24903464616062,0.0,0,1,data/processed/sub-mit121/trials/sub-mit121_trial-03_eeg.fif,False,,5.mp4,4.02,6.04,low,high,LVHA,True,True,True,self_report,derive_inside_training_fold,True,True,True,False,True,True,True,,sub-mit121_trial-03
sub-mit121,3,18,34.0,38.0,1000,pass,,37.25357427728166,73.060966307238,0.0,0,2,data/processed/sub-mit121/trials/sub-mit121_trial-03_eeg.fif,False,,5.mp4,4.02,6.04,low,high,LVHA,True,True,True,self_report,derive_inside_training_fold,True,True,True,False,True,True,True,,sub-mit121_trial-03
sub-mit121,3,19,36.0,40.0,1000,pass,,40.98212041044611,75.46318035146598,0.0,0,1,data/processed/sub-mit121/trials/sub-mit121_trial-03_eeg.fif,False,,5.mp4,4.02,6.04,low,high,LVHA,True,True,True,self_report,derive_inside_training_fold,True,True,True,False,True,True,True,,sub-mit121_trial-03
sub-mit121,3,20,38.0,42.0,1000,pass,,63.316367943168885,100.60814259877206,0.0,0,1,data/processed/sub-mit121/trials/sub-mit121_trial-03_eeg.fif,False,,5.mp4,4.02,6.04,low,high,LVHA,True,True,True,self_report,derive_inside_training_fold,True,True,True,False,True,True,True,,sub-mit121_trial-03
sub-mit121,3,21,40.0,44.0,1000,review,variance_outliers,246.2711938362328,282.5240509529551,9.375e-05,0,8,data/processed/sub-mit121/trials/sub-mit121_trial-03_eeg.fif,False,,5.mp4,4.02,6.04,low,high,LVHA,True,True,True,self_report,derive_inside_training_fold,False,True,True,False,False,False,False,window_qc_review,sub-mit121_trial-03
sub-mit121,3,22,42.0,46.0,1000,review,variance_outliers,246.2711938362328,285.16352772241413,9.375e-05,0,8,data/processed/sub-mit121/trials/sub-mit121_trial-03_eeg.fif,False,,5.mp4,4.02,6.04,low,high,LVHA,True,True,True,self_report,derive_inside_training_fold,False,True,True,False,False,False,False,window_qc_review,sub-mit121_trial-03
sub-mit121,3,23,44.0,48.0,1000,pass,,76.39150218750109,94.42383360864864,0.0,0,1,data/processed/sub-mit121/trials/sub-mit121_trial-03_eeg.fif,False,,5.mp4,4.02,6.04,low,high,LVHA,True,True,True,self_report,derive_inside_training_fold,True,True,True,False,True,True,True,,sub-mit121_trial-03
sub-mit121,3,24,46.0,50.0,1000,pass,,201.48048350009972,349.91706759798967,2.34375e-05,0,1,data/processed/sub-mit121/trials/sub-mit121_trial-03_eeg.fif,False,,5.mp4,4.02,6.04,low,high,LVHA,True,True,True,self_report,derive_inside_training_fold,True,True,True,False,True,True,True,,sub-mit121_trial-03
sub-mit121,3,25,48.0,52.0,1000,pass,,201.48048350009972,349.91706759798967,2.34375e-05,0,1,data/processed/sub-mit121/trials/sub-mit121_trial-03_eeg.fif,False,,5.mp4,4.02,6.04,low,high,LVHA,True,True,True,self_report,derive_inside_training_fold,True,True,True,False,True,True,True,,sub-mit121_trial-03
sub-mit121,3,26,50.0,54.0,1000,pass,,127.65348783688562,248.78629240166012,0.0,0,2,data/processed/sub-mit121/trials/sub-mit121_trial-03_eeg.fif,False,,5.mp4,4.02,6.04,low,high,LVHA,True,True,True,self_report,derive_inside_training_fold,True,True,True,False,True,True,True,,sub-mit121_trial-03
sub-mit121,3,27,52.0,56.0,1000,pass,,86.25308968701704,129.08077207400473,0.0,0,3,data/processed/sub-mit121/trials/sub-mit121_trial-03_eeg.fif,False,,5.mp4,4.02,6.04,low,high,LVHA,True,True,True,self_report,derive_inside_training_fold,True,True,True,False,True,True,True,,sub-mit121_trial-03
sub-mit121,3,28,54.0,58.0,1000,pass,,49.34521090446805,79.67322138697922,0.0,0,0,data/processed/sub-mit121/trials/sub-mit121_trial-03_eeg.fif,False,,5.mp4,4.02,6.04,low,high,LVHA,True,True,True,self_report,derive_inside_training_fold,True,True,True,False,True,True,True,,sub-mit121_trial-03
sub-mit121,3,29,56.0,60.0,1000,pass,,59.13663849205176,96.59897970606218,0.0,0,1,data/processed/sub-mit121/trials/sub-mit121_trial-03_eeg.fif,False,,5.mp4,4.02,6.04,low,high,LVHA,True,True,True,self_report,derive_inside_training_fold,True,True,True,False,True,True,True,,sub-mit121_trial-03
sub-mit121,4,1,0.0,4.0,1000,pass,,375.1377554005245,490.2840182323666,0.000484375,0,0,data/processed/sub-mit121/trials/sub-mit121_trial-04_eeg.fif,False,,15.mp4,4.98,5.91,low,high,LVHA,True,True,True,self_report,derive_inside_training_fold,True,True,True,False,True,True,True,,sub-mit121_trial-04
sub-mit121,4,2,2.0,6.0,1000,pass,,73.75566845392156,115.07614869627706,0.0,0,0,data/processed/sub-mit121/trials/sub-mit121_trial-04_eeg.fif,False,,15.mp4,4.98,5.91,low,high,LVHA,True,True,True,self_report,derive_inside_training_fold,True,True,True,False,True,True,True,,sub-mit121_trial-04
sub-mit121,4,3,4.0,8.0,1000,pass,,51.693836081643816,97.10963033953854,0.0,0,0,data/processed/sub-mit121/trials/sub-mit121_trial-04_eeg.fif,False,,15.mp4,4.98,5.91,low,high,LVHA,True,True,True,self_report,derive_inside_training_fold,True,True,True,False,True,True,True,,sub-mit121_trial-04
sub-mit121,4,4,6.0,10.0,1000,pass,,52.57270418245223,102.24462101871262,0.0,0,1,data/processed/sub-mit121/trials/sub-mit121_trial-04_eeg.fif,False,,15.mp4,4.98,5.91,low,high,LVHA,True,True,True,self_report,derive_inside_training_fold,True,True,True,False,True,True,True,,sub-mit121_trial-04
sub-mit121,4,5,8.0,12.0,1000,pass,,60.8266294850994,91.96409583714892,0.0,0,1,data/processed/sub-mit121/trials/sub-mit121_trial-04_eeg.fif,False,,15.mp4,4.98,5.91,low,high,LVHA,True,True,True,self_report,derive_inside_training_fold,True,True,True,False,True,True,True,,sub-mit121_trial-04
sub-mit121,4,6,10.0,14.0,1000,review,variance_outliers,435.674223753544,496.50085323864334,0.00096875,0,6,data/processed/sub-mit121/trials/sub-mit121_trial-04_eeg.fif,False,,15.mp4,4.98,5.91,low,high,LVHA,True,True,True,self_report,derive_inside_training_fold,False,True,True,False,False,False,False,window_qc_review,sub-mit121_trial-04
sub-mit121,4,7,12.0,16.0,1000,review,variance_outliers,435.674223753544,478.01807664346217,0.00096875,0,6,data/processed/sub-mit121/trials/sub-mit121_trial-04_eeg.fif,False,,15.mp4,4.98,5.91,low,high,LVHA,True,True,True,self_report,derive_inside_training_fold,False,True,True,False,False,False,False,window_qc_review,sub-mit121_trial-04
sub-mit121,4,8,14.0,18.0,1000,pass,,53.88294206366568,90.18400550961196,0.0,0,1,data/processed/sub-mit121/trials/sub-mit121_trial-04_eeg.fif,False,,15.mp4,4.98,5.91,low,high,LVHA,True,True,True,self_report,derive_inside_training_fold,True,True,True,False,True,True,True,,sub-mit121_trial-04
sub-mit121,4,9,16.0,20.0,1000,review,variance_outliers,386.5510244146775,440.284128984825,0.00065625,0,8,data/processed/sub-mit121/trials/sub-mit121_trial-04_eeg.fif,False,,15.mp4,4.98,5.91,low,high,LVHA,True,True,True,self_report,derive_inside_training_fold,False,True,True,False,False,False,False,window_qc_review,sub-mit121_trial-04
sub-mit121,4,10,18.0,22.0,1000,review,variance_outliers,386.5510244146775,440.284128984825,0.00065625,0,9,data/processed/sub-mit121/trials/sub-mit121_trial-04_eeg.fif,False,,15.mp4,4.98,5.91,low,high,LVHA,True,True,True,self_report,derive_inside_training_fold,False,True,True,False,False,False,False,window_qc_review,sub-mit121_trial-04
sub-mit121,4,11,20.0,24.0,1000,pass,,65.65036757106516,102.18108342121678,0.0,0,1,data/processed/sub-mit121/trials/sub-mit121_trial-04_eeg.fif,False,,15.mp4,4.98,5.91,low,high,LVHA,True,True,True,self_report,derive_inside_training_fold,True,True,True,False,True,True,True,,sub-mit121_trial-04
sub-mit121,4,12,22.0,26.0,1000,pass,,65.65036757106516,111.24060030508198,0.0,0,1,data/processed/sub-mit121/trials/sub-mit121_trial-04_eeg.fif,False,,15.mp4,4.98,5.91,low,high,LVHA,True,True,True,self_report,derive_inside_training_fold,True,True,True,False,True,True,True,,sub-mit121_trial-04
sub-mit121,4,13,24.0,28.0,1000,review,variance_outliers,322.05682291735343,366.6141538900621,0.000296875,0,8,data/processed/sub-mit121/trials/sub-mit121_trial-04_eeg.fif,False,,15.mp4,4.98,5.91,low,high,LVHA,True,True,True,self_report,derive_inside_training_fold,False,True,True,False,False,False,False,window_qc_review,sub-mit121_trial-04
sub-mit121,4,14,26.0,30.0,1000,review,variance_outliers,322.05682291735343,371.0917387176244,0.000296875,0,7,data/processed/sub-mit121/trials/sub-mit121_trial-04_eeg.fif,False,,15.mp4,4.98,5.91,low,high,LVHA,True,True,True,self_report,derive_inside_training_fold,False,True,True,False,False,False,False,window_qc_review,sub-mit121_trial-04
sub-mit121,4,15,28.0,32.0,1000,pass,,59.02442917226671,108.0593449725377,0.0,0,1,data/processed/sub-mit121/trials/sub-mit121_trial-04_eeg.fif,False,,15.mp4,4.98,5.91,low,high,LVHA,True,True,True,self_report,derive_inside_training_fold,True,True,True,False,True,True,True,,sub-mit121_trial-04
sub-mit121,4,16,30.0,34.0,1000,pass,,56.97595963398156,88.21765686650522,0.0,0,1,data/processed/sub-mit121/trials/sub-mit121_trial-04_eeg.fif,False,,15.mp4,4.98,5.91,low,high,LVHA,True,True,True,self_report,derive_inside_training_fold,True,True,True,False,True,True,True,,sub-mit121_trial-04
sub-mit121,4,17,32.0,36.0,1000,pass,,56.97595963398156,95.62479376491824,0.0,0,2,data/processed/sub-mit121/trials/sub-mit121_trial-04_eeg.fif,False,,15.mp4,4.98,5.91,low,high,LVHA,True,True,True,self_report,derive_inside_training_fold,True,True,True,False,True,True,True,,sub-mit121_trial-04
sub-mit121,4,18,34.0,38.0,1000,pass,,44.465068704875165,86.70151116415636,0.0,0,2,data/processed/sub-mit121/trials/sub-mit121_trial-04_eeg.fif,False,,15.mp4,4.98,5.91,low,high,LVHA,True,True,True,self_report,derive_inside_training_fold,True,True,True,False,True,True,True,,sub-mit121_trial-04
sub-mit121,4,19,36.0,40.0,1000,pass,,45.81568897124057,90.28075767611574,0.0,0,2,data/processed/sub-mit121/trials/sub-mit121_trial-04_eeg.fif,False,,15.mp4,4.98,5.91,low,high,LVHA,True,True,True,self_report,derive_inside_training_fold,True,True,True,False,True,True,True,,sub-mit121_trial-04
sub-mit121,4,20,38.0,42.0,1000,pass,,52.42547212715989,97.51419805702298,0.0,0,4,data/processed/sub-mit121/trials/sub-mit121_trial-04_eeg.fif,False,,15.mp4,4.98,5.91,low,high,LVHA,True,True,True,self_report,derive_inside_training_fold,True,True,True,False,True,True,True,,sub-mit121_trial-04
sub-mit121,4,21,40.0,44.0,1000,pass,,52.42547212715989,98.9069783574616,0.0,0,5,data/processed/sub-mit121/trials/sub-mit121_trial-04_eeg.fif,False,,15.mp4,4.98,5.91,low,high,LVHA,True,True,True,self_report,derive_inside_training_fold,True,True,True,False,True,True,True,,sub-mit121_trial-04
sub-mit121,4,22,42.0,46.0,1000,pass,,49.57704913020108,78.64072016888291,0.0,0,2,data/processed/sub-mit121/trials/sub-mit121_trial-04_eeg.fif,False,,15.mp4,4.98,5.91,low,high,LVHA,True,True,True,self_report,derive_inside_training_fold,True,True,True,False,True,True,True,,sub-mit121_trial-04
sub-mit121,4,23,44.0,48.0,1000,pass,,153.53813132622068,188.3852076542559,0.0,0,2,data/processed/sub-mit121/trials/sub-mit121_trial-04_eeg.fif,False,,15.mp4,4.98,5.91,low,high,LVHA,True,True,True,self_report,derive_inside_training_fold,True,True,True,False,True,True,True,,sub-mit121_trial-04
sub-mit121,4,24,46.0,50.0,1000,pass,,153.53813132622068,188.3852076542559,0.0,0,2,data/processed/sub-mit121/trials/sub-mit121_trial-04_eeg.fif,False,,15.mp4,4.98,5.91,low,high,LVHA,True,True,True,self_report,derive_inside_training_fold,True,True,True,False,True,True,True,,sub-mit121_trial-04
sub-mit121,4,25,48.0,52.0,1000,pass,,235.52197206161415,302.7315513596997,1.5625e-05,0,1,data/processed/sub-mit121/trials/sub-mit121_trial-04_eeg.fif,False,,15.mp4,4.98,5.91,low,high,LVHA,True,True,True,self_report,derive_inside_training_fold,True,True,True,False,True,True,True,,sub-mit121_trial-04
sub-mit121,4,26,50.0,54.0,1000,review,amplitude_warning,520.4856554241813,577.7244286256146,0.001140625,0,3,data/processed/sub-mit121/trials/sub-mit121_trial-04_eeg.fif,False,,15.mp4,4.98,5.91,low,high,LVHA,True,True,True,self_report,derive_inside_training_fold,False,True,True,False,False,False,False,window_qc_review,sub-mit121_trial-04
sub-mit121,4,27,52.0,56.0,1000,review,amplitude_warning,520.4856554241813,563.1561722842221,0.001125,0,3,data/processed/sub-mit121/trials/sub-mit121_trial-04_eeg.fif,False,,15.mp4,4.98,5.91,low,high,LVHA,True,True,True,self_report,derive_inside_training_fold,False,True,True,False,False,False,False,window_qc_review,sub-mit121_trial-04
sub-mit121,4,28,54.0,58.0,1000,pass,,216.25320379971623,239.46114288907103,0.000140625,0,4,data/processed/sub-mit121/trials/sub-mit121_trial-04_eeg.fif,False,,15.mp4,4.98,5.91,low,high,LVHA,True,True,True,self_report,derive_inside_training_fold,True,True,True,False,True,True,True,,sub-mit121_trial-04
sub-mit121,4,29,56.0,60.0,1000,review,variance_outliers,225.50897159861333,415.9845723139977,0.000375,0,6,data/processed/sub-mit121/trials/sub-mit121_trial-04_eeg.fif,False,,15.mp4,4.98,5.91,low,high,LVHA,True,True,True,self_report,derive_inside_training_fold,False,True,True,False,False,False,False,window_qc_review,sub-mit121_trial-04
sub-mit121,5,1,0.0,4.0,1000,pass,,120.45474212752164,188.82025861751296,0.0,0,1,data/processed/sub-mit121/trials/sub-mit121_trial-05_eeg.fif,False,,24.mp4,1.95,7.03,low,high,LVHA,True,True,True,self_report,derive_inside_training_fold,True,True,True,False,True,True,True,,sub-mit121_trial-05
sub-mit121,5,2,2.0,6.0,1000,pass,,120.45474212752164,182.75210525148592,0.0,0,1,data/processed/sub-mit121/trials/sub-mit121_trial-05_eeg.fif,False,,24.mp4,1.95,7.03,low,high,LVHA,True,True,True,self_report,derive_inside_training_fold,True,True,True,False,True,True,True,,sub-mit121_trial-05
sub-mit121,5,3,4.0,8.0,1000,pass,,81.30133799053463,123.83253066269472,0.0,0,3,data/processed/sub-mit121/trials/sub-mit121_trial-05_eeg.fif,False,,24.mp4,1.95,7.03,low,high,LVHA,True,True,True,self_report,derive_inside_training_fold,True,True,True,False,True,True,True,,sub-mit121_trial-05
sub-mit121,5,4,6.0,10.0,1000,pass,,81.30133799053463,122.78785293095729,0.0,0,3,data/processed/sub-mit121/trials/sub-mit121_trial-05_eeg.fif,False,,24.mp4,1.95,7.03,low,high,LVHA,True,True,True,self_report,derive_inside_training_fold,True,True,True,False,True,True,True,,sub-mit121_trial-05
sub-mit121,5,5,8.0,12.0,1000,pass,,74.69916515564101,110.67844362925518,0.0,0,1,data/processed/sub-mit121/trials/sub-mit121_trial-05_eeg.fif,False,,24.mp4,1.95,7.03,low,high,LVHA,True,True,True,self_report,derive_inside_training_fold,True,True,True,False,True,True,True,,sub-mit121_trial-05
sub-mit121,5,6,10.0,14.0,1000,pass,,333.29473792804293,407.993903083684,0.0004140625,0,4,data/processed/sub-mit121/trials/sub-mit121_trial-05_eeg.fif,False,,24.mp4,1.95,7.03,low,high,LVHA,True,True,True,self_report,derive_inside_training_fold,True,True,True,False,True,True,True,,sub-mit121_trial-05
sub-mit121,5,7,12.0,16.0,1000,pass,,333.29473792804293,384.9003591356419,0.0004140625,0,4,data/processed/sub-mit121/trials/sub-mit121_trial-05_eeg.fif,False,,24.mp4,1.95,7.03,low,high,LVHA,True,True,True,self_report,derive_inside_training_fold,True,True,True,False,True,True,True,,sub-mit121_trial-05
sub-mit121,5,8,14.0,18.0,1000,pass,,68.00402051922433,103.500243879312,0.0,0,1,data/processed/sub-mit121/trials/sub-mit121_trial-05_eeg.fif,False,,24.mp4,1.95,7.03,low,high,LVHA,True,True,True,self_report,derive_inside_training_fold,True,True,True,False,True,True,True,,sub-mit121_trial-05
sub-mit121,5,9,16.0,20.0,1000,pass,,54.25076280248312,87.32551934129184,0.0,0,1,data/processed/sub-mit121/trials/sub-mit121_trial-05_eeg.fif,False,,24.mp4,1.95,7.03,low,high,LVHA,True,True,True,self_report,derive_inside_training_fold,True,True,True,False,True,True,True,,sub-mit121_trial-05
sub-mit121,5,10,18.0,22.0,1000,pass,,54.25076280248312,87.32551934129184,0.0,0,0,data/processed/sub-mit121/trials/sub-mit121_trial-05_eeg.fif,False,,24.mp4,1.95,7.03,low,high,LVHA,True,True,True,self_report,derive_inside_training_fold,True,True,True,False,True,True,True,,sub-mit121_trial-05
sub-mit121,5,11,20.0,24.0,1000,pass,,50.33739077256851,81.92859247503496,0.0,0,0,data/processed/sub-mit121/trials/sub-mit121_trial-05_eeg.fif,False,,24.mp4,1.95,7.03,low,high,LVHA,True,True,True,self_report,derive_inside_training_fold,True,True,True,False,True,True,True,,sub-mit121_trial-05
sub-mit121,5,12,22.0,26.0,1000,pass,,50.33739077256851,82.26511934491285,0.0,0,1,data/processed/sub-mit121/trials/sub-mit121_trial-05_eeg.fif,False,,24.mp4,1.95,7.03,low,high,LVHA,True,True,True,self_report,derive_inside_training_fold,True,True,True,False,True,True,True,,sub-mit121_trial-05
sub-mit121,5,13,24.0,28.0,1000,pass,,54.766750197420606,93.55424094421817,0.0,0,2,data/processed/sub-mit121/trials/sub-mit121_trial-05_eeg.fif,False,,24.mp4,1.95,7.03,low,high,LVHA,True,True,True,self_report,derive_inside_training_fold,True,True,True,False,True,True,True,,sub-mit121_trial-05
sub-mit121,5,14,26.0,30.0,1000,pass,,54.766750197420606,93.55424094421817,0.0,0,3,data/processed/sub-mit121/trials/sub-mit121_trial-05_eeg.fif,False,,24.mp4,1.95,7.03,low,high,LVHA,True,True,True,self_report,derive_inside_training_fold,True,True,True,False,True,True,True,,sub-mit121_trial-05
sub-mit121,5,15,28.0,32.0,1000,pass,,45.81682956572011,83.71577813946806,0.0,0,1,data/processed/sub-mit121/trials/sub-mit121_trial-05_eeg.fif,False,,24.mp4,1.95,7.03,low,high,LVHA,True,True,True,self_report,derive_inside_training_fold,True,True,True,False,True,True,True,,sub-mit121_trial-05
sub-mit121,5,16,30.0,34.0,1000,pass,,45.21540058164287,80.22789362678975,0.0,0,0,data/processed/sub-mit121/trials/sub-mit121_trial-05_eeg.fif,False,,24.mp4,1.95,7.03,low,high,LVHA,True,True,True,self_report,derive_inside_training_fold,True,True,True,False,True,True,True,,sub-mit121_trial-05
sub-mit121,5,17,32.0,36.0,1000,pass,,45.21540058164287,89.68619514709928,0.0,0,2,data/processed/sub-mit121/trials/sub-mit121_trial-05_eeg.fif,False,,24.mp4,1.95,7.03,low,high,LVHA,True,True,True,self_report,derive_inside_training_fold,True,True,True,False,True,True,True,,sub-mit121_trial-05
sub-mit121,5,18,34.0,38.0,1000,pass,,64.65451796420444,110.3148686484837,0.0,0,3,data/processed/sub-mit121/trials/sub-mit121_trial-05_eeg.fif,False,,24.mp4,1.95,7.03,low,high,LVHA,True,True,True,self_report,derive_inside_training_fold,True,True,True,False,True,True,True,,sub-mit121_trial-05
sub-mit121,5,19,36.0,40.0,1000,pass,,64.65451796420444,110.3148686484837,0.0,0,2,data/processed/sub-mit121/trials/sub-mit121_trial-05_eeg.fif,False,,24.mp4,1.95,7.03,low,high,LVHA,True,True,True,self_report,derive_inside_training_fold,True,True,True,False,True,True,True,,sub-mit121_trial-05
sub-mit121,5,20,38.0,42.0,1000,pass,,53.27456270118802,103.6331860786834,0.0,0,0,data/processed/sub-mit121/trials/sub-mit121_trial-05_eeg.fif,False,,24.mp4,1.95,7.03,low,high,LVHA,True,True,True,self_report,derive_inside_training_fold,True,True,True,False,True,True,True,,sub-mit121_trial-05
sub-mit121,5,21,40.0,44.0,1000,pass,,68.54307538846881,113.43223543138458,0.0,0,3,data/processed/sub-mit121/trials/sub-mit121_trial-05_eeg.fif,False,,24.mp4,1.95,7.03,low,high,LVHA,True,True,True,self_report,derive_inside_training_fold,True,True,True,False,True,True,True,,sub-mit121_trial-05
sub-mit121,5,22,42.0,46.0,1000,review,variance_outliers,379.4865102723574,429.2003124844886,0.000625,0,8,data/processed/sub-mit121/trials/sub-mit121_trial-05_eeg.fif,False,,24.mp4,1.95,7.03,low,high,LVHA,True,True,True,self_report,derive_inside_training_fold,False,True,True,False,False,False,False,window_qc_review,sub-mit121_trial-05
sub-mit121,5,23,44.0,48.0,1000,review,variance_outliers,379.4865102723574,429.2003124844886,0.000625,0,9,data/processed/sub-mit121/trials/sub-mit121_trial-05_eeg.fif,False,,24.mp4,1.95,7.03,low,high,LVHA,True,True,True,self_report,derive_inside_training_fold,False,True,True,False,False,False,False,window_qc_review,sub-mit121_trial-05
sub-mit121,5,24,46.0,50.0,1000,pass,,52.53641878215321,98.59881948372792,0.0,0,1,data/processed/sub-mit121/trials/sub-mit121_trial-05_eeg.fif,False,,24.mp4,1.95,7.03,low,high,LVHA,True,True,True,self_report,derive_inside_training_fold,True,True,True,False,True,True,True,,sub-mit121_trial-05
sub-mit121,5,25,48.0,52.0,1000,pass,,52.53641878215321,74.25192241995379,0.0,0,0,data/processed/sub-mit121/trials/sub-mit121_trial-05_eeg.fif,False,,24.mp4,1.95,7.03,low,high,LVHA,True,True,True,self_report,derive_inside_training_fold,True,True,True,False,True,True,True,,sub-mit121_trial-05
sub-mit121,5,26,50.0,54.0,1000,pass,,55.36023698181087,79.28300646792047,0.0,0,0,data/processed/sub-mit121/trials/sub-mit121_trial-05_eeg.fif,False,,24.mp4,1.95,7.03,low,high,LVHA,True,True,True,self_report,derive_inside_training_fold,True,True,True,False,True,True,True,,sub-mit121_trial-05
sub-mit121,5,27,52.0,56.0,1000,pass,,61.37210448982572,117.01137894651802,0.0,0,1,data/processed/sub-mit121/trials/sub-mit121_trial-05_eeg.fif,False,,24.mp4,1.95,7.03,low,high,LVHA,True,True,True,self_report,derive_inside_training_fold,True,True,True,False,True,True,True,,sub-mit121_trial-05
sub-mit121,5,28,54.0,58.0,1000,pass,,61.37210448982572,117.01137894651802,0.0,0,1,data/processed/sub-mit121/trials/sub-mit121_trial-05_eeg.fif,False,,24.mp4,1.95,7.03,low,high,LVHA,True,True,True,self_report,derive_inside_training_fold,True,True,True,False,True,True,True,,sub-mit121_trial-05
sub-mit121,5,29,56.0,60.0,1000,pass,,45.76989734537962,87.03477837522902,0.0,0,2,data/processed/sub-mit121/trials/sub-mit121_trial-05_eeg.fif,False,,24.mp4,1.95,7.03,low,high,LVHA,True,True,True,self_report,derive_inside_training_fold,True,True,True,False,True,True,True,,sub-mit121_trial-05
sub-mit121,6,1,0.0,4.0,1000,review,amplitude_warning,612.83465421446,681.1835920301768,0.0016015625,0,2,data/processed/sub-mit121/trials/sub-mit121_trial-06_eeg.fif,False,,neutral_2.mp4,5.27,5.33,high,high,HVHA,True,True,True,self_report,derive_inside_training_fold,False,True,True,False,False,False,False,window_qc_review,sub-mit121_trial-06
sub-mit121,6,2,2.0,6.0,1000,review,amplitude_warning,612.83465421446,664.943754424694,0.0011484375,0,3,data/processed/sub-mit121/trials/sub-mit121_trial-06_eeg.fif,False,,neutral_2.mp4,5.27,5.33,high,high,HVHA,True,True,True,self_report,derive_inside_training_fold,False,True,True,False,False,False,False,window_qc_review,sub-mit121_trial-06
sub-mit121,6,3,4.0,8.0,1000,pass,,63.6096494976042,120.36923950322578,0.0,0,3,data/processed/sub-mit121/trials/sub-mit121_trial-06_eeg.fif,False,,neutral_2.mp4,5.27,5.33,high,high,HVHA,True,True,True,self_report,derive_inside_training_fold,True,True,True,False,True,True,True,,sub-mit121_trial-06
sub-mit121,6,4,6.0,10.0,1000,pass,,64.70193465109644,120.36923950322578,0.0,0,2,data/processed/sub-mit121/trials/sub-mit121_trial-06_eeg.fif,False,,neutral_2.mp4,5.27,5.33,high,high,HVHA,True,True,True,self_report,derive_inside_training_fold,True,True,True,False,True,True,True,,sub-mit121_trial-06
sub-mit121,6,5,8.0,12.0,1000,review,variance_outliers,370.4149770921358,438.0581196215486,0.00046875,0,6,data/processed/sub-mit121/trials/sub-mit121_trial-06_eeg.fif,False,,neutral_2.mp4,5.27,5.33,high,high,HVHA,True,True,True,self_report,derive_inside_training_fold,False,True,True,False,False,False,False,window_qc_review,sub-mit121_trial-06
sub-mit121,6,6,10.0,14.0,1000,review,variance_outliers,370.4149770921358,438.0581196215486,0.00046875,0,9,data/processed/sub-mit121/trials/sub-mit121_trial-06_eeg.fif,False,,neutral_2.mp4,5.27,5.33,high,high,HVHA,True,True,True,self_report,derive_inside_training_fold,False,True,True,False,False,False,False,window_qc_review,sub-mit121_trial-06
sub-mit121,6,7,12.0,16.0,1000,review,variance_outliers,433.5754688760303,500.4330431701218,0.0008671875,0,6,data/processed/sub-mit121/trials/sub-mit121_trial-06_eeg.fif,False,,neutral_2.mp4,5.27,5.33,high,high,HVHA,True,True,True,self_report,derive_inside_training_fold,False,True,True,False,False,False,False,window_qc_review,sub-mit121_trial-06
sub-mit121,6,8,14.0,18.0,1000,pass,,433.5754688760303,500.4330431701218,0.0008671875,0,3,data/processed/sub-mit121/trials/sub-mit121_trial-06_eeg.fif,False,,neutral_2.mp4,5.27,5.33,high,high,HVHA,True,True,True,self_report,derive_inside_training_fold,True,True,True,False,True,True,True,,sub-mit121_trial-06
sub-mit121,6,9,16.0,20.0,1000,pass,,52.53539262859135,100.77756474800252,0.0,0,2,data/processed/sub-mit121/trials/sub-mit121_trial-06_eeg.fif,False,,neutral_2.mp4,5.27,5.33,high,high,HVHA,True,True,True,self_report,derive_inside_training_fold,True,True,True,False,True,True,True,,sub-mit121_trial-06
sub-mit121,6,10,18.0,22.0,1000,pass,,52.53539262859135,103.76391193894904,0.0,0,2,data/processed/sub-mit121/trials/sub-mit121_trial-06_eeg.fif,False,,neutral_2.mp4,5.27,5.33,high,high,HVHA,True,True,True,self_report,derive_inside_training_fold,True,True,True,False,True,True,True,,sub-mit121_trial-06
sub-mit121,6,11,20.0,24.0,1000,pass,,130.49723782970582,249.6823495283041,0.0,0,3,data/processed/sub-mit121/trials/sub-mit121_trial-06_eeg.fif,False,,neutral_2.mp4,5.27,5.33,high,high,HVHA,True,True,True,self_report,derive_inside_training_fold,True,True,True,False,True,True,True,,sub-mit121_trial-06
sub-mit121,6,12,22.0,26.0,1000,pass,,130.49723782970582,253.39627011218903,0.0,0,4,data/processed/sub-mit121/trials/sub-mit121_trial-06_eeg.fif,False,,neutral_2.mp4,5.27,5.33,high,high,HVHA,True,True,True,self_report,derive_inside_training_fold,True,True,True,False,True,True,True,,sub-mit121_trial-06
sub-mit121,6,13,24.0,28.0,1000,pass,,155.3678432356636,278.2668755181468,0.0,0,3,data/processed/sub-mit121/trials/sub-mit121_trial-06_eeg.fif,False,,neutral_2.mp4,5.27,5.33,high,high,HVHA,True,True,True,self_report,derive_inside_training_fold,True,True,True,False,True,True,True,,sub-mit121_trial-06
sub-mit121,6,14,26.0,30.0,1000,pass,,155.3678432356636,292.7813408135325,0.0,0,4,data/processed/sub-mit121/trials/sub-mit121_trial-06_eeg.fif,False,,neutral_2.mp4,5.27,5.33,high,high,HVHA,True,True,True,self_report,derive_inside_training_fold,True,True,True,False,True,True,True,,sub-mit121_trial-06
sub-mit121,6,15,28.0,32.0,1000,pass,,137.41349757786895,260.26605158898514,0.0,0,4,data/processed/sub-mit121/trials/sub-mit121_trial-06_eeg.fif,False,,neutral_2.mp4,5.27,5.33,high,high,HVHA,True,True,True,self_report,derive_inside_training_fold,True,True,True,False,True,True,True,,sub-mit121_trial-06
sub-mit121,6,16,30.0,34.0,1000,pass,,317.49026409099224,576.3418259374548,4.6875e-05,0,3,data/processed/sub-mit121/trials/sub-mit121_trial-06_eeg.fif,False,,neutral_2.mp4,5.27,5.33,high,high,HVHA,True,True,True,self_report,derive_inside_training_fold,True,True,True,False,True,True,True,,sub-mit121_trial-06
sub-mit121,6,17,32.0,36.0,1000,pass,,384.03521631556055,576.3418259374548,0.000203125,0,5,data/processed/sub-mit121/trials/sub-mit121_trial-06_eeg.fif,False,,neutral_2.mp4,5.27,5.33,high,high,HVHA,True,True,True,self_report,derive_inside_training_fold,True,True,True,False,True,True,True,,sub-mit121_trial-06
sub-mit121,6,18,34.0,38.0,1000,pass,,417.0834340055593,484.4443499731847,0.0005859375,0,4,data/processed/sub-mit121/trials/sub-mit121_trial-06_eeg.fif,False,,neutral_2.mp4,5.27,5.33,high,high,HVHA,True,True,True,self_report,derive_inside_training_fold,True,True,True,False,True,True,True,,sub-mit121_trial-06
sub-mit121,6,19,36.0,40.0,1000,pass,,417.0834340055593,484.4443499731847,0.0004296875,0,4,data/processed/sub-mit121/trials/sub-mit121_trial-06_eeg.fif,False,,neutral_2.mp4,5.27,5.33,high,high,HVHA,True,True,True,self_report,derive_inside_training_fold,True,True,True,False,True,True,True,,sub-mit121_trial-06
sub-mit121,6,20,38.0,42.0,1000,pass,,167.03727679995112,320.6103507530367,0.0,0,2,data/processed/sub-mit121/trials/sub-mit121_trial-06_eeg.fif,False,,neutral_2.mp4,5.27,5.33,high,high,HVHA,True,True,True,self_report,derive_inside_training_fold,True,True,True,False,True,True,True,,sub-mit121_trial-06
sub-mit121,6,21,40.0,44.0,1000,pass,,119.974471742992,220.41422216079275,0.0,0,2,data/processed/sub-mit121/trials/sub-mit121_trial-06_eeg.fif,False,,neutral_2.mp4,5.27,5.33,high,high,HVHA,True,True,True,self_report,derive_inside_training_fold,True,True,True,False,True,True,True,,sub-mit121_trial-06
sub-mit121,6,22,42.0,46.0,1000,pass,,59.0905188022268,103.22257969544272,0.0,0,1,data/processed/sub-mit121/trials/sub-mit121_trial-06_eeg.fif,False,,neutral_2.mp4,5.27,5.33,high,high,HVHA,True,True,True,self_report,derive_inside_training_fold,True,True,True,False,True,True,True,,sub-mit121_trial-06
sub-mit121,6,23,44.0,48.0,1000,pass,,383.30126856350734,442.05910380334166,0.0005390625,0,2,data/processed/sub-mit121/trials/sub-mit121_trial-06_eeg.fif,False,,neutral_2.mp4,5.27,5.33,high,high,HVHA,True,True,True,self_report,derive_inside_training_fold,True,True,True,False,True,True,True,,sub-mit121_trial-06
sub-mit121,6,24,46.0,50.0,1000,pass,,383.30126856350734,442.05910380334166,0.0005390625,0,3,data/processed/sub-mit121/trials/sub-mit121_trial-06_eeg.fif,False,,neutral_2.mp4,5.27,5.33,high,high,HVHA,True,True,True,self_report,derive_inside_training_fold,True,True,True,False,True,True,True,,sub-mit121_trial-06
sub-mit121,6,25,48.0,52.0,1000,pass,,47.72867572178183,91.0832860554372,0.0,0,1,data/processed/sub-mit121/trials/sub-mit121_trial-06_eeg.fif,False,,neutral_2.mp4,5.27,5.33,high,high,HVHA,True,True,True,self_report,derive_inside_training_fold,True,True,True,False,True,True,True,,sub-mit121_trial-06
sub-mit121,6,26,50.0,54.0,1000,pass,,403.82058613865416,452.6749294296154,0.0007109375,0,4,data/processed/sub-mit121/trials/sub-mit121_trial-06_eeg.fif,False,,neutral_2.mp4,5.27,5.33,high,high,HVHA,True,True,True,self_report,derive_inside_training_fold,True,True,True,False,True,True,True,,sub-mit121_trial-06
sub-mit121,6,27,52.0,56.0,1000,pass,,403.82058613865416,452.6749294296154,0.0007109375,0,3,data/processed/sub-mit121/trials/sub-mit121_trial-06_eeg.fif,False,,neutral_2.mp4,5.27,5.33,high,high,HVHA,True,True,True,self_report,derive_inside_training_fold,True,True,True,False,True,True,True,,sub-mit121_trial-06
sub-mit121,6,28,54.0,58.0,1000,pass,,300.23022385136653,364.8583593693485,0.000203125,0,2,data/processed/sub-mit121/trials/sub-mit121_trial-06_eeg.fif,False,,neutral_2.mp4,5.27,5.33,high,high,HVHA,True,True,True,self_report,derive_inside_training_fold,True,True,True,False,True,True,True,,sub-mit121_trial-06
sub-mit121,6,29,56.0,60.0,1000,pass,,300.23022385136653,364.8583593693485,0.000203125,0,2,data/processed/sub-mit121/trials/sub-mit121_trial-06_eeg.fif,False,,neutral_2.mp4,5.27,5.33,high,high,HVHA,True,True,True,self_report,derive_inside_training_fold,True,True,True,False,True,True,True,,sub-mit121_trial-06
sub-mit121,7,1,0.0,4.0,1000,pass,,333.1625968150953,402.9058598836394,0.0006484375,0,4,data/processed/sub-mit121/trials/sub-mit121_trial-07_eeg.fif,False,,27.mp4,2.03,3.01,low,low,LVLA,True,True,True,self_report,derive_inside_training_fold,True,True,True,False,True,True,True,,sub-mit121_trial-07
sub-mit121,7,2,2.0,6.0,1000,review,variance_outliers,311.1112663043633,361.84381775098296,0.0002734375,0,7,data/processed/sub-mit121/trials/sub-mit121_trial-07_eeg.fif,False,,27.mp4,2.03,3.01,low,low,LVLA,True,True,True,self_report,derive_inside_training_fold,False,True,True,False,False,False,False,window_qc_review,sub-mit121_trial-07
sub-mit121,7,3,4.0,8.0,1000,review,variance_outliers,359.65014557634566,399.6841687601816,0.000625,0,7,data/processed/sub-mit121/trials/sub-mit121_trial-07_eeg.fif,False,,27.mp4,2.03,3.01,low,low,LVLA,True,True,True,self_report,derive_inside_training_fold,False,True,True,False,False,False,False,window_qc_review,sub-mit121_trial-07
sub-mit121,7,4,6.0,10.0,1000,review,variance_outliers,359.65014557634566,410.9578541870405,0.000625,0,7,data/processed/sub-mit121/trials/sub-mit121_trial-07_eeg.fif,False,,27.mp4,2.03,3.01,low,low,LVLA,True,True,True,self_report,derive_inside_training_fold,False,True,True,False,False,False,False,window_qc_review,sub-mit121_trial-07
sub-mit121,7,5,8.0,12.0,1000,pass,,373.2613821142462,428.1901806511014,0.000640625,0,2,data/processed/sub-mit121/trials/sub-mit121_trial-07_eeg.fif,False,,27.mp4,2.03,3.01,low,low,LVLA,True,True,True,self_report,derive_inside_training_fold,True,True,True,False,True,True,True,,sub-mit121_trial-07
sub-mit121,7,6,10.0,14.0,1000,pass,,373.2613821142462,428.1901806511014,0.000640625,0,2,data/processed/sub-mit121/trials/sub-mit121_trial-07_eeg.fif,False,,27.mp4,2.03,3.01,low,low,LVLA,True,True,True,self_report,derive_inside_training_fold,True,True,True,False,True,True,True,,sub-mit121_trial-07
sub-mit121,7,7,12.0,16.0,1000,pass,,50.9999807977511,74.02676372911601,0.0,0,1,data/processed/sub-mit121/trials/sub-mit121_trial-07_eeg.fif,False,,27.mp4,2.03,3.01,low,low,LVLA,True,True,True,self_report,derive_inside_training_fold,True,True,True,False,True,True,True,,sub-mit121_trial-07
sub-mit121,7,8,14.0,18.0,1000,pass,,53.45228181695026,95.59639334384738,0.0,0,0,data/processed/sub-mit121/trials/sub-mit121_trial-07_eeg.fif,False,,27.mp4,2.03,3.01,low,low,LVLA,True,True,True,self_report,derive_inside_training_fold,True,True,True,False,True,True,True,,sub-mit121_trial-07
sub-mit121,7,9,16.0,20.0,1000,pass,,339.63525304875344,397.2113828167177,0.000546875,0,2,data/processed/sub-mit121/trials/sub-mit121_trial-07_eeg.fif,False,,27.mp4,2.03,3.01,low,low,LVLA,True,True,True,self_report,derive_inside_training_fold,True,True,True,False,True,True,True,,sub-mit121_trial-07
sub-mit121,7,10,18.0,22.0,1000,pass,,339.63525304875344,397.2113828167177,0.000546875,0,2,data/processed/sub-mit121/trials/sub-mit121_trial-07_eeg.fif,False,,27.mp4,2.03,3.01,low,low,LVLA,True,True,True,self_report,derive_inside_training_fold,True,True,True,False,True,True,True,,sub-mit121_trial-07
sub-mit121,7,11,20.0,24.0,1000,pass,,64.28990157108204,126.72620741320138,0.0,0,2,data/processed/sub-mit121/trials/sub-mit121_trial-07_eeg.fif,False,,27.mp4,2.03,3.01,low,low,LVLA,True,True,True,self_report,derive_inside_training_fold,True,True,True,False,True,True,True,,sub-mit121_trial-07
sub-mit121,7,12,22.0,26.0,1000,pass,,366.9394216809889,414.7826756495518,0.0006796875,0,2,data/processed/sub-mit121/trials/sub-mit121_trial-07_eeg.fif,False,,27.mp4,2.03,3.01,low,low,LVLA,True,True,True,self_report,derive_inside_training_fold,True,True,True,False,True,True,True,,sub-mit121_trial-07
sub-mit121,7,13,24.0,28.0,1000,pass,,366.9394216809889,414.7826756495518,0.0006796875,0,2,data/processed/sub-mit121/trials/sub-mit121_trial-07_eeg.fif,False,,27.mp4,2.03,3.01,low,low,LVLA,True,True,True,self_report,derive_inside_training_fold,True,True,True,False,True,True,True,,sub-mit121_trial-07
sub-mit121,7,14,26.0,30.0,1000,pass,,46.4431418199982,71.67537289642965,0.0,0,0,data/processed/sub-mit121/trials/sub-mit121_trial-07_eeg.fif,False,,27.mp4,2.03,3.01,low,low,LVLA,True,True,True,self_report,derive_inside_training_fold,True,True,True,False,True,True,True,,sub-mit121_trial-07
sub-mit121,7,15,28.0,32.0,1000,pass,,355.31509309705626,395.6595448994932,0.000546875,0,4,data/processed/sub-mit121/trials/sub-mit121_trial-07_eeg.fif,False,,27.mp4,2.03,3.01,low,low,LVLA,True,True,True,self_report,derive_inside_training_fold,True,True,True,False,True,True,True,,sub-mit121_trial-07
sub-mit121,7,16,30.0,34.0,1000,pass,,355.31509309705626,411.8845814796227,0.000546875,0,5,data/processed/sub-mit121/trials/sub-mit121_trial-07_eeg.fif,False,,27.mp4,2.03,3.01,low,low,LVLA,True,True,True,self_report,derive_inside_training_fold,True,True,True,False,True,True,True,,sub-mit121_trial-07
sub-mit121,7,17,32.0,36.0,1000,review,variance_outliers,356.37960725452484,424.63451278288136,0.0008359375,0,7,data/processed/sub-mit121/trials/sub-mit121_trial-07_eeg.fif,False,,27.mp4,2.03,3.01,low,low,LVLA,True,True,True,self_report,derive_inside_training_fold,False,True,True,False,False,False,False,window_qc_review,sub-mit121_trial-07
sub-mit121,7,18,34.0,38.0,1000,review,variance_outliers,356.37960725452484,424.63451278288136,0.0008359375,0,7,data/processed/sub-mit121/trials/sub-mit121_trial-07_eeg.fif,False,,27.mp4,2.03,3.01,low,low,LVLA,True,True,True,self_report,derive_inside_training_fold,False,True,True,False,False,False,False,window_qc_review,sub-mit121_trial-07
sub-mit121,7,19,36.0,40.0,1000,pass,,130.06747403684557,189.78720044856772,0.0,0,1,data/processed/sub-mit121/trials/sub-mit121_trial-07_eeg.fif,False,,27.mp4,2.03,3.01,low,low,LVLA,True,True,True,self_report,derive_inside_training_fold,True,True,True,False,True,True,True,,sub-mit121_trial-07
sub-mit121,7,20,38.0,42.0,1000,pass,,130.06747403684557,189.78720044856772,0.0,0,1,data/processed/sub-mit121/trials/sub-mit121_trial-07_eeg.fif,False,,27.mp4,2.03,3.01,low,low,LVLA,True,True,True,self_report,derive_inside_training_fold,True,True,True,False,True,True,True,,sub-mit121_trial-07
sub-mit121,7,21,40.0,44.0,1000,pass,,52.49155412772547,94.25850272222524,0.0,0,1,data/processed/sub-mit121/trials/sub-mit121_trial-07_eeg.fif,False,,27.mp4,2.03,3.01,low,low,LVLA,True,True,True,self_report,derive_inside_training_fold,True,True,True,False,True,True,True,,sub-mit121_trial-07
sub-mit121,7,22,42.0,46.0,1000,pass,,47.33551013439558,79.37590388284707,0.0,0,1,data/processed/sub-mit121/trials/sub-mit121_trial-07_eeg.fif,False,,27.mp4,2.03,3.01,low,low,LVLA,True,True,True,self_report,derive_inside_training_fold,True,True,True,False,True,True,True,,sub-mit121_trial-07
sub-mit121,7,23,44.0,48.0,1000,pass,,52.91433702460726,70.74558812399687,0.0,0,0,data/processed/sub-mit121/trials/sub-mit121_trial-07_eeg.fif,False,,27.mp4,2.03,3.01,low,low,LVLA,True,True,True,self_report,derive_inside_training_fold,True,True,True,False,True,True,True,,sub-mit121_trial-07
sub-mit121,7,24,46.0,50.0,1000,pass,,58.59596237647348,86.6618974405015,0.0,0,0,data/processed/sub-mit121/trials/sub-mit121_trial-07_eeg.fif,False,,27.mp4,2.03,3.01,low,low,LVLA,True,True,True,self_report,derive_inside_training_fold,True,True,True,False,True,True,True,,sub-mit121_trial-07
sub-mit121,7,25,48.0,52.0,1000,pass,,270.7280571778055,383.2224721769875,0.0003203125,0,4,data/processed/sub-mit121/trials/sub-mit121_trial-07_eeg.fif,False,,27.mp4,2.03,3.01,low,low,LVLA,True,True,True,self_report,derive_inside_training_fold,True,True,True,False,True,True,True,,sub-mit121_trial-07
sub-mit121,7,26,50.0,54.0,1000,review,variance_outliers;amplitude_warning,358.9407949921992,586.0630020603722,0.0028828125,0,9,data/processed/sub-mit121/trials/sub-mit121_trial-07_eeg.fif,False,,27.mp4,2.03,3.01,low,low,LVLA,True,True,True,self_report,derive_inside_training_fold,False,True,True,False,False,False,False,window_qc_review,sub-mit121_trial-07
sub-mit121,7,27,52.0,56.0,1000,review,variance_outliers;amplitude_warning,358.9407949921992,463.1731555688815,0.0025625,0,12,data/processed/sub-mit121/trials/sub-mit121_trial-07_eeg.fif,False,,27.mp4,2.03,3.01,low,low,LVLA,True,True,True,self_report,derive_inside_training_fold,False,True,True,False,False,False,False,window_qc_review,sub-mit121_trial-07
sub-mit121,7,28,54.0,58.0,1000,pass,,83.3895414154382,102.30642102160834,0.0,0,2,data/processed/sub-mit121/trials/sub-mit121_trial-07_eeg.fif,False,,27.mp4,2.03,3.01,low,low,LVLA,True,True,True,self_report,derive_inside_training_fold,True,True,True,False,True,True,True,,sub-mit121_trial-07
sub-mit121,7,29,56.0,60.0,1000,pass,,48.82414614748284,80.03172091305163,0.0,0,2,data/processed/sub-mit121/trials/sub-mit121_trial-07_eeg.fif,False,,27.mp4,2.03,3.01,low,low,LVLA,True,True,True,self_report,derive_inside_training_fold,True,True,True,False,True,True,True,,sub-mit121_trial-07
sub-mit121,8,1,0.0,4.0,1000,pass,,71.66350537326626,128.4379498100027,0.0,0,1,data/processed/sub-mit121/trials/sub-mit121_trial-08_eeg.fif,False,,3.mp4,7.91,5.04,high,high,HVHA,True,True,True,self_report,derive_inside_training_fold,True,True,True,False,True,True,True,,sub-mit121_trial-08
sub-mit121,8,2,2.0,6.0,1000,pass,,69.72689801731588,128.4379498100027,0.0,0,3,data/processed/sub-mit121/trials/sub-mit121_trial-08_eeg.fif,False,,3.mp4,7.91,5.04,high,high,HVHA,True,True,True,self_report,derive_inside_training_fold,True,True,True,False,True,True,True,,sub-mit121_trial-08
sub-mit121,8,3,4.0,8.0,1000,review,variance_outliers,387.4496755354554,433.2330006151762,0.000609375,0,9,data/processed/sub-mit121/trials/sub-mit121_trial-08_eeg.fif,False,,3.mp4,7.91,5.04,high,high,HVHA,True,True,True,self_report,derive_inside_training_fold,False,True,True,False,False,False,False,window_qc_review,sub-mit121_trial-08
sub-mit121,8,4,6.0,10.0,1000,review,variance_outliers,387.4496755354554,448.9813678849857,0.000609375,0,8,data/processed/sub-mit121/trials/sub-mit121_trial-08_eeg.fif,False,,3.mp4,7.91,5.04,high,high,HVHA,True,True,True,self_report,derive_inside_training_fold,False,True,True,False,False,False,False,window_qc_review,sub-mit121_trial-08
sub-mit121,8,5,8.0,12.0,1000,pass,,71.75419598583025,110.87029238365363,0.0,0,1,data/processed/sub-mit121/trials/sub-mit121_trial-08_eeg.fif,False,,3.mp4,7.91,5.04,high,high,HVHA,True,True,True,self_report,derive_inside_training_fold,True,True,True,False,True,True,True,,sub-mit121_trial-08
sub-mit121,8,6,10.0,14.0,1000,pass,,41.3922728447133,75.1901014336984,0.0,0,2,data/processed/sub-mit121/trials/sub-mit121_trial-08_eeg.fif,False,,3.mp4,7.91,5.04,high,high,HVHA,True,True,True,self_report,derive_inside_training_fold,True,True,True,False,True,True,True,,sub-mit121_trial-08
sub-mit121,8,7,12.0,16.0,1000,review,variance_outliers,490.41177244346994,585.4661240101213,0.0008984375,0,7,data/processed/sub-mit121/trials/sub-mit121_trial-08_eeg.fif,False,,3.mp4,7.91,5.04,high,high,HVHA,True,True,True,self_report,derive_inside_training_fold,False,True,True,False,False,False,False,window_qc_review,sub-mit121_trial-08
sub-mit121,8,8,14.0,18.0,1000,review,amplitude_warning,490.41177244346994,585.4661240101213,0.001765625,0,3,data/processed/sub-mit121/trials/sub-mit121_trial-08_eeg.fif,False,,3.mp4,7.91,5.04,high,high,HVHA,True,True,True,self_report,derive_inside_training_fold,False,True,True,False,False,False,False,window_qc_review,sub-mit121_trial-08
sub-mit121,8,9,16.0,20.0,1000,pass,,406.5123280752175,493.089667028994,0.0008671875,0,3,data/processed/sub-mit121/trials/sub-mit121_trial-08_eeg.fif,False,,3.mp4,7.91,5.04,high,high,HVHA,True,True,True,self_report,derive_inside_training_fold,True,True,True,False,True,True,True,,sub-mit121_trial-08
sub-mit121,8,10,18.0,22.0,1000,pass,,96.41608404612356,153.49438437808894,0.0,0,1,data/processed/sub-mit121/trials/sub-mit121_trial-08_eeg.fif,False,,3.mp4,7.91,5.04,high,high,HVHA,True,True,True,self_report,derive_inside_training_fold,True,True,True,False,True,True,True,,sub-mit121_trial-08
sub-mit121,8,11,20.0,24.0,1000,pass,,96.41608404612356,153.49438437808894,0.0,0,1,data/processed/sub-mit121/trials/sub-mit121_trial-08_eeg.fif,False,,3.mp4,7.91,5.04,high,high,HVHA,True,True,True,self_report,derive_inside_training_fold,True,True,True,False,True,True,True,,sub-mit121_trial-08
sub-mit121,8,12,22.0,26.0,1000,pass,,53.33871827963932,95.13673376859192,0.0,0,1,data/processed/sub-mit121/trials/sub-mit121_trial-08_eeg.fif,False,,3.mp4,7.91,5.04,high,high,HVHA,True,True,True,self_report,derive_inside_training_fold,True,True,True,False,True,True,True,,sub-mit121_trial-08
sub-mit121,8,13,24.0,28.0,1000,pass,,69.85903913026351,123.19775740990283,0.0,0,1,data/processed/sub-mit121/trials/sub-mit121_trial-08_eeg.fif,False,,3.mp4,7.91,5.04,high,high,HVHA,True,True,True,self_report,derive_inside_training_fold,True,True,True,False,True,True,True,,sub-mit121_trial-08
sub-mit121,8,14,26.0,30.0,1000,pass,,69.85903913026351,97.74338125346584,0.0,0,2,data/processed/sub-mit121/trials/sub-mit121_trial-08_eeg.fif,False,,3.mp4,7.91,5.04,high,high,HVHA,True,True,True,self_report,derive_inside_training_fold,True,True,True,False,True,True,True,,sub-mit121_trial-08
sub-mit121,8,15,28.0,32.0,1000,pass,,41.16584385968928,78.0681722577308,0.0,0,0,data/processed/sub-mit121/trials/sub-mit121_trial-08_eeg.fif,False,,3.mp4,7.91,5.04,high,high,HVHA,True,True,True,self_report,derive_inside_training_fold,True,True,True,False,True,True,True,,sub-mit121_trial-08
sub-mit121,8,16,30.0,34.0,1000,pass,,356.8233328393421,448.8480136983107,0.0008203125,0,5,data/processed/sub-mit121/trials/sub-mit121_trial-08_eeg.fif,False,,3.mp4,7.91,5.04,high,high,HVHA,True,True,True,self_report,derive_inside_training_fold,True,True,True,False,True,True,True,,sub-mit121_trial-08
sub-mit121,8,17,32.0,36.0,1000,pass,,356.8233328393421,448.8480136983107,0.0008203125,0,3,data/processed/sub-mit121/trials/sub-mit121_trial-08_eeg.fif,False,,3.mp4,7.91,5.04,high,high,HVHA,True,True,True,self_report,derive_inside_training_fold,True,True,True,False,True,True,True,,sub-mit121_trial-08
sub-mit121,8,18,34.0,38.0,1000,pass,,70.5892866259784,126.58102766503276,0.0,0,2,data/processed/sub-mit121/trials/sub-mit121_trial-08_eeg.fif,False,,3.mp4,7.91,5.04,high,high,HVHA,True,True,True,self_report,derive_inside_training_fold,True,True,True,False,True,True,True,,sub-mit121_trial-08
sub-mit121,8,19,36.0,40.0,1000,pass,,60.59194168051614,110.93879671697678,0.0,0,2,data/processed/sub-mit121/trials/sub-mit121_trial-08_eeg.fif,False,,3.mp4,7.91,5.04,high,high,HVHA,True,True,True,self_report,derive_inside_training_fold,True,True,True,False,True,True,True,,sub-mit121_trial-08
sub-mit121,8,20,38.0,42.0,1000,pass,,60.59194168051614,91.10222221261594,0.0,0,1,data/processed/sub-mit121/trials/sub-mit121_trial-08_eeg.fif,False,,3.mp4,7.91,5.04,high,high,HVHA,True,True,True,self_report,derive_inside_training_fold,True,True,True,False,True,True,True,,sub-mit121_trial-08
sub-mit121,8,21,40.0,44.0,1000,pass,,48.24656283595281,67.68758375244512,0.0,0,0,data/processed/sub-mit121/trials/sub-mit121_trial-08_eeg.fif,False,,3.mp4,7.91,5.04,high,high,HVHA,True,True,True,self_report,derive_inside_training_fold,True,True,True,False,True,True,True,,sub-mit121_trial-08
sub-mit121,8,22,42.0,46.0,1000,pass,,53.07285676908009,78.16170672709913,0.0,0,1,data/processed/sub-mit121/trials/sub-mit121_trial-08_eeg.fif,False,,3.mp4,7.91,5.04,high,high,HVHA,True,True,True,self_report,derive_inside_training_fold,True,True,True,False,True,True,True,,sub-mit121_trial-08
sub-mit121,8,23,44.0,48.0,1000,pass,,53.07285676908009,78.84241465689908,0.0,0,2,data/processed/sub-mit121/trials/sub-mit121_trial-08_eeg.fif,False,,3.mp4,7.91,5.04,high,high,HVHA,True,True,True,self_report,derive_inside_training_fold,True,True,True,False,True,True,True,,sub-mit121_trial-08
sub-mit121,8,24,46.0,50.0,1000,pass,,41.40579976118306,79.22750453019438,0.0,0,0,data/processed/sub-mit121/trials/sub-mit121_trial-08_eeg.fif,False,,3.mp4,7.91,5.04,high,high,HVHA,True,True,True,self_report,derive_inside_training_fold,True,True,True,False,True,True,True,,sub-mit121_trial-08
sub-mit121,8,25,48.0,52.0,1000,pass,,82.30934122285295,114.98585099753043,0.0,0,3,data/processed/sub-mit121/trials/sub-mit121_trial-08_eeg.fif,False,,3.mp4,7.91,5.04,high,high,HVHA,True,True,True,self_report,derive_inside_training_fold,True,True,True,False,True,True,True,,sub-mit121_trial-08
sub-mit121,8,26,50.0,54.0,1000,pass,,82.30934122285295,121.7277218606358,0.0,0,4,data/processed/sub-mit121/trials/sub-mit121_trial-08_eeg.fif,False,,3.mp4,7.91,5.04,high,high,HVHA,True,True,True,self_report,derive_inside_training_fold,True,True,True,False,True,True,True,,sub-mit121_trial-08
sub-mit121,8,27,52.0,56.0,1000,pass,,51.92946993114655,94.67046332299176,0.0,0,1,data/processed/sub-mit121/trials/sub-mit121_trial-08_eeg.fif,False,,3.mp4,7.91,5.04,high,high,HVHA,True,True,True,self_report,derive_inside_training_fold,True,True,True,False,True,True,True,,sub-mit121_trial-08
sub-mit121,8,28,54.0,58.0,1000,pass,,79.79693583368835,121.2649609365112,0.0,0,4,data/processed/sub-mit121/trials/sub-mit121_trial-08_eeg.fif,False,,3.mp4,7.91,5.04,high,high,HVHA,True,True,True,self_report,derive_inside_training_fold,True,True,True,False,True,True,True,,sub-mit121_trial-08
sub-mit121,8,29,56.0,60.0,1000,pass,,79.79693583368835,130.8466946159329,0.0,0,1,data/processed/sub-mit121/trials/sub-mit121_trial-08_eeg.fif,False,,3.mp4,7.91,5.04,high,high,HVHA,True,True,True,self_report,derive_inside_training_fold,True,True,True,False,True,True,True,,sub-mit121_trial-08
sub-mit121,9,1,0.0,4.0,1000,pass,,458.7007739883762,568.3494782403485,0.00065625,0,3,data/processed/sub-mit121/trials/sub-mit121_trial-09_eeg.fif,False,,2.m4v,1.55,4.96,low,low,LVLA,True,True,True,self_report,derive_inside_training_fold,True,True,True,False,True,True,True,,sub-mit121_trial-09
sub-mit121,9,2,2.0,6.0,1000,pass,,469.642271763486,530.9941011373961,0.000765625,0,2,data/processed/sub-mit121/trials/sub-mit121_trial-09_eeg.fif,False,,2.m4v,1.55,4.96,low,low,LVLA,True,True,True,self_report,derive_inside_training_fold,True,True,True,False,True,True,True,,sub-mit121_trial-09
sub-mit121,9,3,4.0,8.0,1000,review,amplitude_warning,469.642271763486,546.5248399287511,0.00146875,0,2,data/processed/sub-mit121/trials/sub-mit121_trial-09_eeg.fif,False,,2.m4v,1.55,4.96,low,low,LVLA,True,True,True,self_report,derive_inside_training_fold,False,True,True,False,False,False,False,window_qc_review,sub-mit121_trial-09
sub-mit121,9,4,6.0,10.0,1000,pass,,455.5362537326941,532.4188218979592,0.000703125,0,2,data/processed/sub-mit121/trials/sub-mit121_trial-09_eeg.fif,False,,2.m4v,1.55,4.96,low,low,LVLA,True,True,True,self_report,derive_inside_training_fold,True,True,True,False,True,True,True,,sub-mit121_trial-09
sub-mit121,9,5,8.0,12.0,1000,pass,,61.8349378931982,92.82374167848435,0.0,0,0,data/processed/sub-mit121/trials/sub-mit121_trial-09_eeg.fif,False,,2.m4v,1.55,4.96,low,low,LVLA,True,True,True,self_report,derive_inside_training_fold,True,True,True,False,True,True,True,,sub-mit121_trial-09
sub-mit121,9,6,10.0,14.0,1000,pass,,42.30578602600066,72.11527043255047,0.0,0,0,data/processed/sub-mit121/trials/sub-mit121_trial-09_eeg.fif,False,,2.m4v,1.55,4.96,low,low,LVLA,True,True,True,self_report,derive_inside_training_fold,True,True,True,False,True,True,True,,sub-mit121_trial-09
sub-mit121,9,7,12.0,16.0,1000,pass,,52.67819200567222,80.54381159474212,0.0,0,1,data/processed/sub-mit121/trials/sub-mit121_trial-09_eeg.fif,False,,2.m4v,1.55,4.96,low,low,LVLA,True,True,True,self_report,derive_inside_training_fold,True,True,True,False,True,True,True,,sub-mit121_trial-09
sub-mit121,9,8,14.0,18.0,1000,pass,,52.67819200567222,81.08033731970589,0.0,0,3,data/processed/sub-mit121/trials/sub-mit121_trial-09_eeg.fif,False,,2.m4v,1.55,4.96,low,low,LVLA,True,True,True,self_report,derive_inside_training_fold,True,True,True,False,True,True,True,,sub-mit121_trial-09
sub-mit121,9,9,16.0,20.0,1000,pass,,74.81038646883677,116.2369076655144,0.0,0,2,data/processed/sub-mit121/trials/sub-mit121_trial-09_eeg.fif,False,,2.m4v,1.55,4.96,low,low,LVLA,True,True,True,self_report,derive_inside_training_fold,True,True,True,False,True,True,True,,sub-mit121_trial-09
sub-mit121,9,10,18.0,22.0,1000,pass,,74.81038646883677,122.19499175691698,0.0,0,3,data/processed/sub-mit121/trials/sub-mit121_trial-09_eeg.fif,False,,2.m4v,1.55,4.96,low,low,LVLA,True,True,True,self_report,derive_inside_training_fold,True,True,True,False,True,True,True,,sub-mit121_trial-09
sub-mit121,9,11,20.0,24.0,1000,pass,,47.384605288080216,89.931365739742,0.0,0,1,data/processed/sub-mit121/trials/sub-mit121_trial-09_eeg.fif,False,,2.m4v,1.55,4.96,low,low,LVLA,True,True,True,self_report,derive_inside_training_fold,True,True,True,False,True,True,True,,sub-mit121_trial-09
sub-mit121,9,12,22.0,26.0,1000,pass,,53.33163057213768,85.6444471104287,0.0,0,3,data/processed/sub-mit121/trials/sub-mit121_trial-09_eeg.fif,False,,2.m4v,1.55,4.96,low,low,LVLA,True,True,True,self_report,derive_inside_training_fold,True,True,True,False,True,True,True,,sub-mit121_trial-09
sub-mit121,9,13,24.0,28.0,1000,pass,,57.06882843867873,93.64541983803092,0.0,0,5,data/processed/sub-mit121/trials/sub-mit121_trial-09_eeg.fif,False,,2.m4v,1.55,4.96,low,low,LVLA,True,True,True,self_report,derive_inside_training_fold,True,True,True,False,True,True,True,,sub-mit121_trial-09
sub-mit121,9,14,26.0,30.0,1000,pass,,60.13982376173576,92.6103475139841,0.0,0,2,data/processed/sub-mit121/trials/sub-mit121_trial-09_eeg.fif,False,,2.m4v,1.55,4.96,low,low,LVLA,True,True,True,self_report,derive_inside_training_fold,True,True,True,False,True,True,True,,sub-mit121_trial-09
sub-mit121,9,15,28.0,32.0,1000,pass,,60.13982376173576,92.6103475139841,0.0,0,1,data/processed/sub-mit121/trials/sub-mit121_trial-09_eeg.fif,False,,2.m4v,1.55,4.96,low,low,LVLA,True,True,True,self_report,derive_inside_training_fold,True,True,True,False,True,True,True,,sub-mit121_trial-09
sub-mit121,9,16,30.0,34.0,1000,pass,,437.5673206725925,499.5607744955663,0.0004609375,0,2,data/processed/sub-mit121/trials/sub-mit121_trial-09_eeg.fif,False,,2.m4v,1.55,4.96,low,low,LVLA,True,True,True,self_report,derive_inside_training_fold,True,True,True,False,True,True,True,,sub-mit121_trial-09
sub-mit121,9,17,32.0,36.0,1000,pass,,437.5673206725925,499.5607744955663,0.0004609375,0,2,data/processed/sub-mit121/trials/sub-mit121_trial-09_eeg.fif,False,,2.m4v,1.55,4.96,low,low,LVLA,True,True,True,self_report,derive_inside_training_fold,True,True,True,False,True,True,True,,sub-mit121_trial-09
sub-mit121,9,18,34.0,38.0,1000,review,amplitude_warning,562.6074814897089,654.1819975548922,0.00103125,0,5,data/processed/sub-mit121/trials/sub-mit121_trial-09_eeg.fif,False,,2.m4v,1.55,4.96,low,low,LVLA,True,True,True,self_report,derive_inside_training_fold,False,True,True,False,False,False,False,window_qc_review,sub-mit121_trial-09
sub-mit121,9,19,36.0,40.0,1000,review,amplitude_warning,562.6074814897089,654.1819975548922,0.00103125,0,4,data/processed/sub-mit121/trials/sub-mit121_trial-09_eeg.fif,False,,2.m4v,1.55,4.96,low,low,LVLA,True,True,True,self_report,derive_inside_training_fold,False,True,True,False,False,False,False,window_qc_review,sub-mit121_trial-09
sub-mit121,9,20,38.0,42.0,1000,pass,,114.73258180261324,227.01682987117357,0.0,0,5,data/processed/sub-mit121/trials/sub-mit121_trial-09_eeg.fif,False,,2.m4v,1.55,4.96,low,low,LVLA,True,True,True,self_report,derive_inside_training_fold,True,True,True,False,True,True,True,,sub-mit121_trial-09
sub-mit121,9,21,40.0,44.0,1000,pass,,114.73258180261324,183.7230677734485,0.0,0,2,data/processed/sub-mit121/trials/sub-mit121_trial-09_eeg.fif,False,,2.m4v,1.55,4.96,low,low,LVLA,True,True,True,self_report,derive_inside_training_fold,True,True,True,False,True,True,True,,sub-mit121_trial-09
sub-mit121,9,22,42.0,46.0,1000,pass,,394.4859304005032,441.9436710643753,0.00034375,0,2,data/processed/sub-mit121/trials/sub-mit121_trial-09_eeg.fif,False,,2.m4v,1.55,4.96,low,low,LVLA,True,True,True,self_report,derive_inside_training_fold,True,True,True,False,True,True,True,,sub-mit121_trial-09
sub-mit121,9,23,44.0,48.0,1000,pass,,394.4859304005032,441.9436710643753,0.00034375,0,2,data/processed/sub-mit121/trials/sub-mit121_trial-09_eeg.fif,False,,2.m4v,1.55,4.96,low,low,LVLA,True,True,True,self_report,derive_inside_training_fold,True,True,True,False,True,True,True,,sub-mit121_trial-09
sub-mit121,9,24,46.0,50.0,1000,pass,,38.55918493072359,64.27807982428571,0.0,0,0,data/processed/sub-mit121/trials/sub-mit121_trial-09_eeg.fif,False,,2.m4v,1.55,4.96,low,low,LVLA,True,True,True,self_report,derive_inside_training_fold,True,True,True,False,True,True,True,,sub-mit121_trial-09
sub-mit121,9,25,48.0,52.0,1000,pass,,48.03642642290914,76.51638774626781,0.0,0,0,data/processed/sub-mit121/trials/sub-mit121_trial-09_eeg.fif,False,,2.m4v,1.55,4.96,low,low,LVLA,True,True,True,self_report,derive_inside_training_fold,True,True,True,False,True,True,True,,sub-mit121_trial-09
sub-mit121,9,26,50.0,54.0,1000,pass,,48.03642642290914,81.95304849914314,0.0,0,1,data/processed/sub-mit121/trials/sub-mit121_trial-09_eeg.fif,False,,2.m4v,1.55,4.96,low,low,LVLA,True,True,True,self_report,derive_inside_training_fold,True,True,True,False,True,True,True,,sub-mit121_trial-09
sub-mit121,9,27,52.0,56.0,1000,pass,,50.42656695032188,84.76755120810165,0.0,0,1,data/processed/sub-mit121/trials/sub-mit121_trial-09_eeg.fif,False,,2.m4v,1.55,4.96,low,low,LVLA,True,True,True,self_report,derive_inside_training_fold,True,True,True,False,True,True,True,,sub-mit121_trial-09
sub-mit121,9,28,54.0,58.0,1000,pass,,65.39630873381597,115.82287568413784,0.0,0,0,data/processed/sub-mit121/trials/sub-mit121_trial-09_eeg.fif,False,,2.m4v,1.55,4.96,low,low,LVLA,True,True,True,self_report,derive_inside_training_fold,True,True,True,False,True,True,True,,sub-mit121_trial-09
sub-mit121,9,29,56.0,60.0,1000,pass,,65.39630873381597,107.45045444062774,0.0,0,3,data/processed/sub-mit121/trials/sub-mit121_trial-09_eeg.fif,False,,2.m4v,1.55,4.96,low,low,LVLA,True,True,True,self_report,derive_inside_training_fold,True,True,True,False,True,True,True,,sub-mit121_trial-09
sub-mit121,10,1,0.0,4.0,1000,pass,,123.25519530648631,209.41136116562308,0.0,0,1,data/processed/sub-mit121/trials/sub-mit121_trial-10_eeg.fif,False,,16.mp4,2.07,5.96,low,high,LVHA,True,True,True,self_report,derive_inside_training_fold,True,True,True,False,True,True,True,,sub-mit121_trial-10
sub-mit121,10,2,2.0,6.0,1000,pass,,84.19939401349119,109.36632510229455,0.0,0,1,data/processed/sub-mit121/trials/sub-mit121_trial-10_eeg.fif,False,,16.mp4,2.07,5.96,low,high,LVHA,True,True,True,self_report,derive_inside_training_fold,True,True,True,False,True,True,True,,sub-mit121_trial-10
sub-mit121,10,3,4.0,8.0,1000,pass,,83.49864938635415,135.89445842765144,0.0,0,2,data/processed/sub-mit121/trials/sub-mit121_trial-10_eeg.fif,False,,16.mp4,2.07,5.96,low,high,LVHA,True,True,True,self_report,derive_inside_training_fold,True,True,True,False,True,True,True,,sub-mit121_trial-10
sub-mit121,10,4,6.0,10.0,1000,pass,,83.49864938635415,130.06015744750857,0.0,0,1,data/processed/sub-mit121/trials/sub-mit121_trial-10_eeg.fif,False,,16.mp4,2.07,5.96,low,high,LVHA,True,True,True,self_report,derive_inside_training_fold,True,True,True,False,True,True,True,,sub-mit121_trial-10
sub-mit121,10,5,8.0,12.0,1000,pass,,103.7562176945837,191.7452464030968,0.0,0,0,data/processed/sub-mit121/trials/sub-mit121_trial-10_eeg.fif,False,,16.mp4,2.07,5.96,low,high,LVHA,True,True,True,self_report,derive_inside_training_fold,True,True,True,False,True,True,True,,sub-mit121_trial-10
sub-mit121,10,6,10.0,14.0,1000,pass,,217.9439081411508,428.4596394211731,4.6875e-05,0,2,data/processed/sub-mit121/trials/sub-mit121_trial-10_eeg.fif,False,,16.mp4,2.07,5.96,low,high,LVHA,True,True,True,self_report,derive_inside_training_fold,True,True,True,False,True,True,True,,sub-mit121_trial-10
sub-mit121,10,7,12.0,16.0,1000,pass,,217.9439081411508,428.4596394211731,4.6875e-05,0,1,data/processed/sub-mit121/trials/sub-mit121_trial-10_eeg.fif,False,,16.mp4,2.07,5.96,low,high,LVHA,True,True,True,self_report,derive_inside_training_fold,True,True,True,False,True,True,True,,sub-mit121_trial-10
sub-mit121,10,8,14.0,18.0,1000,pass,,48.96941744838559,82.27659967630476,0.0,0,0,data/processed/sub-mit121/trials/sub-mit121_trial-10_eeg.fif,False,,16.mp4,2.07,5.96,low,high,LVHA,True,True,True,self_report,derive_inside_training_fold,True,True,True,False,True,True,True,,sub-mit121_trial-10
sub-mit121,10,9,16.0,20.0,1000,pass,,54.19084916738048,91.5242803170191,0.0,0,0,data/processed/sub-mit121/trials/sub-mit121_trial-10_eeg.fif,False,,16.mp4,2.07,5.96,low,high,LVHA,True,True,True,self_report,derive_inside_training_fold,True,True,True,False,True,True,True,,sub-mit121_trial-10
sub-mit121,10,10,18.0,22.0,1000,pass,,54.19084916738048,87.83049751994852,0.0,0,0,data/processed/sub-mit121/trials/sub-mit121_trial-10_eeg.fif,False,,16.mp4,2.07,5.96,low,high,LVHA,True,True,True,self_report,derive_inside_training_fold,True,True,True,False,True,True,True,,sub-mit121_trial-10
sub-mit121,10,11,20.0,24.0,1000,pass,,47.98562609955106,93.47665763142577,0.0,0,1,data/processed/sub-mit121/trials/sub-mit121_trial-10_eeg.fif,False,,16.mp4,2.07,5.96,low,high,LVHA,True,True,True,self_report,derive_inside_training_fold,True,True,True,False,True,True,True,,sub-mit121_trial-10
sub-mit121,10,12,22.0,26.0,1000,pass,,59.50543960806399,104.99647113993868,0.0,0,1,data/processed/sub-mit121/trials/sub-mit121_trial-10_eeg.fif,False,,16.mp4,2.07,5.96,low,high,LVHA,True,True,True,self_report,derive_inside_training_fold,True,True,True,False,True,True,True,,sub-mit121_trial-10
sub-mit121,10,13,24.0,28.0,1000,review,amplitude_warning,502.7124010745232,575.2281327029621,0.0007265625,0,3,data/processed/sub-mit121/trials/sub-mit121_trial-10_eeg.fif,False,,16.mp4,2.07,5.96,low,high,LVHA,True,True,True,self_report,derive_inside_training_fold,False,True,True,False,False,False,False,window_qc_review,sub-mit121_trial-10
sub-mit121,10,14,26.0,30.0,1000,review,amplitude_warning,502.7124010745232,575.2281327029621,0.0007265625,0,3,data/processed/sub-mit121/trials/sub-mit121_trial-10_eeg.fif,False,,16.mp4,2.07,5.96,low,high,LVHA,True,True,True,self_report,derive_inside_training_fold,False,True,True,False,False,False,False,window_qc_review,sub-mit121_trial-10
sub-mit121,10,15,28.0,32.0,1000,pass,,70.11946851193021,122.2212216152492,0.0,0,2,data/processed/sub-mit121/trials/sub-mit121_trial-10_eeg.fif,False,,16.mp4,2.07,5.96,low,high,LVHA,True,True,True,self_report,derive_inside_training_fold,True,True,True,False,True,True,True,,sub-mit121_trial-10
sub-mit121,10,16,30.0,34.0,1000,pass,,231.94636477083705,296.7666008132363,7.8125e-05,0,3,data/processed/sub-mit121/trials/sub-mit121_trial-10_eeg.fif,False,,16.mp4,2.07,5.96,low,high,LVHA,True,True,True,self_report,derive_inside_training_fold,True,True,True,False,True,True,True,,sub-mit121_trial-10
sub-mit121,10,17,32.0,36.0,1000,pass,,231.94636477083705,296.7666008132363,7.8125e-05,0,3,data/processed/sub-mit121/trials/sub-mit121_trial-10_eeg.fif,False,,16.mp4,2.07,5.96,low,high,LVHA,True,True,True,self_report,derive_inside_training_fold,True,True,True,False,True,True,True,,sub-mit121_trial-10
sub-mit121,10,18,34.0,38.0,1000,pass,,58.74933227965071,101.35435078780604,0.0,0,0,data/processed/sub-mit121/trials/sub-mit121_trial-10_eeg.fif,False,,16.mp4,2.07,5.96,low,high,LVHA,True,True,True,self_report,derive_inside_training_fold,True,True,True,False,True,True,True,,sub-mit121_trial-10
sub-mit121,10,19,36.0,40.0,1000,pass,,66.26650984245877,124.79197279894424,0.0,0,1,data/processed/sub-mit121/trials/sub-mit121_trial-10_eeg.fif,False,,16.mp4,2.07,5.96,low,high,LVHA,True,True,True,self_report,derive_inside_training_fold,True,True,True,False,True,True,True,,sub-mit121_trial-10
sub-mit121,10,20,38.0,42.0,1000,pass,,66.26650984245877,124.79197279894424,0.0,0,1,data/processed/sub-mit121/trials/sub-mit121_trial-10_eeg.fif,False,,16.mp4,2.07,5.96,low,high,LVHA,True,True,True,self_report,derive_inside_training_fold,True,True,True,False,True,True,True,,sub-mit121_trial-10
sub-mit121,10,21,40.0,44.0,1000,pass,,70.43865186073371,99.48046849883596,0.0,0,0,data/processed/sub-mit121/trials/sub-mit121_trial-10_eeg.fif,False,,16.mp4,2.07,5.96,low,high,LVHA,True,True,True,self_report,derive_inside_training_fold,True,True,True,False,True,True,True,,sub-mit121_trial-10
sub-mit121,10,22,42.0,46.0,1000,pass,,70.43865186073371,99.48046849883596,0.0,0,1,data/processed/sub-mit121/trials/sub-mit121_trial-10_eeg.fif,False,,16.mp4,2.07,5.96,low,high,LVHA,True,True,True,self_report,derive_inside_training_fold,True,True,True,False,True,True,True,,sub-mit121_trial-10
sub-mit121,10,23,44.0,48.0,1000,pass,,67.06917555088145,100.64797185282188,0.0,0,1,data/processed/sub-mit121/trials/sub-mit121_trial-10_eeg.fif,False,,16.mp4,2.07,5.96,low,high,LVHA,True,True,True,self_report,derive_inside_training_fold,True,True,True,False,True,True,True,,sub-mit121_trial-10
sub-mit121,10,24,46.0,50.0,1000,pass,,67.06917555088145,117.02833527582092,0.0,0,1,data/processed/sub-mit121/trials/sub-mit121_trial-10_eeg.fif,False,,16.mp4,2.07,5.96,low,high,LVHA,True,True,True,self_report,derive_inside_training_fold,True,True,True,False,True,True,True,,sub-mit121_trial-10
sub-mit121,10,25,48.0,52.0,1000,pass,,74.94981365354334,132.8102604373914,0.0,0,0,data/processed/sub-mit121/trials/sub-mit121_trial-10_eeg.fif,False,,16.mp4,2.07,5.96,low,high,LVHA,True,True,True,self_report,derive_inside_training_fold,True,True,True,False,True,True,True,,sub-mit121_trial-10
sub-mit121,10,26,50.0,54.0,1000,pass,,192.66236828798836,374.0515890214308,0.0,0,1,data/processed/sub-mit121/trials/sub-mit121_trial-10_eeg.fif,False,,16.mp4,2.07,5.96,low,high,LVHA,True,True,True,self_report,derive_inside_training_fold,True,True,True,False,True,True,True,,sub-mit121_trial-10
sub-mit121,10,27,52.0,56.0,1000,pass,,192.66236828798836,374.0515890214308,0.0,0,1,data/processed/sub-mit121/trials/sub-mit121_trial-10_eeg.fif,False,,16.mp4,2.07,5.96,low,high,LVHA,True,True,True,self_report,derive_inside_training_fold,True,True,True,False,True,True,True,,sub-mit121_trial-10
sub-mit121,10,28,54.0,58.0,1000,pass,,208.6137384869728,401.4878072138798,7.8125e-06,0,2,data/processed/sub-mit121/trials/sub-mit121_trial-10_eeg.fif,False,,16.mp4,2.07,5.96,low,high,LVHA,True,True,True,self_report,derive_inside_training_fold,True,True,True,False,True,True,True,,sub-mit121_trial-10
sub-mit121,10,29,56.0,60.0,1000,pass,,208.6137384869728,401.4878072138798,7.8125e-06,0,3,data/processed/sub-mit121/trials/sub-mit121_trial-10_eeg.fif,False,,16.mp4,2.07,5.96,low,high,LVHA,True,True,True,self_report,derive_inside_training_fold,True,True,True,False,True,True,True,,sub-mit121_trial-10
sub-mit121,11,1,0.0,4.0,1000,pass,,257.8089287924544,496.28985470401983,3.125e-05,0,2,data/processed/sub-mit121/trials/sub-mit121_trial-11_eeg.fif,False,,1.mp4,5.96,7.06,high,high,HVHA,True,True,True,self_report,derive_inside_training_fold,True,True,True,False,True,True,True,,sub-mit121_trial-11
sub-mit121,11,2,2.0,6.0,1000,pass,,337.56652746803894,666.4999372820932,0.00059375,0,3,data/processed/sub-mit121/trials/sub-mit121_trial-11_eeg.fif,False,,1.mp4,5.96,7.06,high,high,HVHA,True,True,True,self_report,derive_inside_training_fold,True,True,True,False,True,True,True,,sub-mit121_trial-11
sub-mit121,11,3,4.0,8.0,1000,pass,,337.56652746803894,666.4999372820932,0.0005625,0,4,data/processed/sub-mit121/trials/sub-mit121_trial-11_eeg.fif,False,,1.mp4,5.96,7.06,high,high,HVHA,True,True,True,self_report,derive_inside_training_fold,True,True,True,False,True,True,True,,sub-mit121_trial-11
sub-mit121,11,4,6.0,10.0,1000,pass,,419.5976551906177,494.98322171171327,0.000375,0,3,data/processed/sub-mit121/trials/sub-mit121_trial-11_eeg.fif,False,,1.mp4,5.96,7.06,high,high,HVHA,True,True,True,self_report,derive_inside_training_fold,True,True,True,False,True,True,True,,sub-mit121_trial-11
sub-mit121,11,5,8.0,12.0,1000,review,amplitude_warning,419.5976551906177,702.8637372391115,0.0011328125,0,2,data/processed/sub-mit121/trials/sub-mit121_trial-11_eeg.fif,False,,1.mp4,5.96,7.06,high,high,HVHA,True,True,True,self_report,derive_inside_training_fold,False,True,True,False,False,False,False,window_qc_review,sub-mit121_trial-11
sub-mit121,11,6,10.0,14.0,1000,pass,,434.4547718523259,835.7198465228228,0.000875,0,1,data/processed/sub-mit121/trials/sub-mit121_trial-11_eeg.fif,False,,1.mp4,5.96,7.06,high,high,HVHA,True,True,True,self_report,derive_inside_training_fold,True,True,True,False,True,True,True,,sub-mit121_trial-11
sub-mit121,11,7,12.0,16.0,1000,review,variance_outliers,467.20837284384976,835.7198465228228,0.000765625,0,7,data/processed/sub-mit121/trials/sub-mit121_trial-11_eeg.fif,False,,1.mp4,5.96,7.06,high,high,HVHA,True,True,True,self_report,derive_inside_training_fold,False,True,True,False,False,False,False,window_qc_review,sub-mit121_trial-11
sub-mit121,11,8,14.0,18.0,1000,review,variance_outliers,467.20837284384976,525.8142572478861,0.0006484375,0,6,data/processed/sub-mit121/trials/sub-mit121_trial-11_eeg.fif,False,,1.mp4,5.96,7.06,high,high,HVHA,True,True,True,self_report,derive_inside_training_fold,False,True,True,False,False,False,False,window_qc_review,sub-mit121_trial-11
sub-mit121,11,9,16.0,20.0,1000,pass,,42.65520466525518,64.39017851785034,0.0,0,1,data/processed/sub-mit121/trials/sub-mit121_trial-11_eeg.fif,False,,1.mp4,5.96,7.06,high,high,HVHA,True,True,True,self_report,derive_inside_training_fold,True,True,True,False,True,True,True,,sub-mit121_trial-11
sub-mit121,11,10,18.0,22.0,1000,pass,,56.601978159095694,93.7595860975083,0.0,0,3,data/processed/sub-mit121/trials/sub-mit121_trial-11_eeg.fif,False,,1.mp4,5.96,7.06,high,high,HVHA,True,True,True,self_report,derive_inside_training_fold,True,True,True,False,True,True,True,,sub-mit121_trial-11
sub-mit121,11,11,20.0,24.0,1000,pass,,87.49133278691812,147.64433632767333,0.0,0,2,data/processed/sub-mit121/trials/sub-mit121_trial-11_eeg.fif,False,,1.mp4,5.96,7.06,high,high,HVHA,True,True,True,self_report,derive_inside_training_fold,True,True,True,False,True,True,True,,sub-mit121_trial-11
sub-mit121,11,12,22.0,26.0,1000,pass,,87.49133278691812,147.64433632767333,0.0,0,2,data/processed/sub-mit121/trials/sub-mit121_trial-11_eeg.fif,False,,1.mp4,5.96,7.06,high,high,HVHA,True,True,True,self_report,derive_inside_training_fold,True,True,True,False,True,True,True,,sub-mit121_trial-11
sub-mit121,11,13,24.0,28.0,1000,pass,,66.05980665694548,119.22005051076589,0.0,0,1,data/processed/sub-mit121/trials/sub-mit121_trial-11_eeg.fif,False,,1.mp4,5.96,7.06,high,high,HVHA,True,True,True,self_report,derive_inside_training_fold,True,True,True,False,True,True,True,,sub-mit121_trial-11
sub-mit121,11,14,26.0,30.0,1000,pass,,73.96409588259455,122.31526153200396,0.0,0,0,data/processed/sub-mit121/trials/sub-mit121_trial-11_eeg.fif,False,,1.mp4,5.96,7.06,high,high,HVHA,True,True,True,self_report,derive_inside_training_fold,True,True,True,False,True,True,True,,sub-mit121_trial-11
sub-mit121,11,15,28.0,32.0,1000,pass,,82.60241678363644,145.8742214334608,0.0,0,3,data/processed/sub-mit121/trials/sub-mit121_trial-11_eeg.fif,False,,1.mp4,5.96,7.06,high,high,HVHA,True,True,True,self_report,derive_inside_training_fold,True,True,True,False,True,True,True,,sub-mit121_trial-11
sub-mit121,11,16,30.0,34.0,1000,pass,,82.60241678363644,145.8742214334608,0.0,0,3,data/processed/sub-mit121/trials/sub-mit121_trial-11_eeg.fif,False,,1.mp4,5.96,7.06,high,high,HVHA,True,True,True,self_report,derive_inside_training_fold,True,True,True,False,True,True,True,,sub-mit121_trial-11
sub-mit121,11,17,32.0,36.0,1000,pass,,80.56803110762043,109.25688525271732,0.0,0,2,data/processed/sub-mit121/trials/sub-mit121_trial-11_eeg.fif,False,,1.mp4,5.96,7.06,high,high,HVHA,True,True,True,self_report,derive_inside_training_fold,True,True,True,False,True,True,True,,sub-mit121_trial-11
sub-mit121,11,18,34.0,38.0,1000,pass,,38.24140920520754,70.22616177948309,0.0,0,0,data/processed/sub-mit121/trials/sub-mit121_trial-11_eeg.fif,False,,1.mp4,5.96,7.06,high,high,HVHA,True,True,True,self_report,derive_inside_training_fold,True,True,True,False,True,True,True,,sub-mit121_trial-11
sub-mit121,11,19,36.0,40.0,1000,pass,,37.67061605479318,70.2926481379578,0.0,0,0,data/processed/sub-mit121/trials/sub-mit121_trial-11_eeg.fif,False,,1.mp4,5.96,7.06,high,high,HVHA,True,True,True,self_report,derive_inside_training_fold,True,True,True,False,True,True,True,,sub-mit121_trial-11
sub-mit121,11,20,38.0,42.0,1000,pass,,59.73215469538221,87.60781456762989,0.0,0,0,data/processed/sub-mit121/trials/sub-mit121_trial-11_eeg.fif,False,,1.mp4,5.96,7.06,high,high,HVHA,True,True,True,self_report,derive_inside_training_fold,True,True,True,False,True,True,True,,sub-mit121_trial-11
sub-mit121,11,21,40.0,44.0,1000,review,amplitude_warning,530.6107164337742,591.0678009368964,0.001109375,0,4,data/processed/sub-mit121/trials/sub-mit121_trial-11_eeg.fif,False,,1.mp4,5.96,7.06,high,high,HVHA,True,True,True,self_report,derive_inside_training_fold,False,True,True,False,False,False,False,window_qc_review,sub-mit121_trial-11
sub-mit121,11,22,42.0,46.0,1000,review,amplitude_warning,530.6107164337742,594.7018341308465,0.001109375,0,2,data/processed/sub-mit121/trials/sub-mit121_trial-11_eeg.fif,False,,1.mp4,5.96,7.06,high,high,HVHA,True,True,True,self_report,derive_inside_training_fold,False,True,True,False,False,False,False,window_qc_review,sub-mit121_trial-11
sub-mit121,11,23,44.0,48.0,1000,pass,,64.0911176970722,125.6305538820321,0.0,0,2,data/processed/sub-mit121/trials/sub-mit121_trial-11_eeg.fif,False,,1.mp4,5.96,7.06,high,high,HVHA,True,True,True,self_report,derive_inside_training_fold,True,True,True,False,True,True,True,,sub-mit121_trial-11
sub-mit121,11,24,46.0,50.0,1000,pass,,51.86539827603488,87.65982033532086,0.0,0,0,data/processed/sub-mit121/trials/sub-mit121_trial-11_eeg.fif,False,,1.mp4,5.96,7.06,high,high,HVHA,True,True,True,self_report,derive_inside_training_fold,True,True,True,False,True,True,True,,sub-mit121_trial-11
sub-mit121,11,25,48.0,52.0,1000,pass,,52.19867311650204,98.73858999118754,0.0,0,2,data/processed/sub-mit121/trials/sub-mit121_trial-11_eeg.fif,False,,1.mp4,5.96,7.06,high,high,HVHA,True,True,True,self_report,derive_inside_training_fold,True,True,True,False,True,True,True,,sub-mit121_trial-11
sub-mit121,11,26,50.0,54.0,1000,pass,,52.19867311650204,95.16922735981844,0.0,0,1,data/processed/sub-mit121/trials/sub-mit121_trial-11_eeg.fif,False,,1.mp4,5.96,7.06,high,high,HVHA,True,True,True,self_report,derive_inside_training_fold,True,True,True,False,True,True,True,,sub-mit121_trial-11
sub-mit121,11,27,52.0,56.0,1000,review,variance_outliers;amplitude_warning,540.1841417025724,596.5572036940332,0.001015625,0,7,data/processed/sub-mit121/trials/sub-mit121_trial-11_eeg.fif,False,,1.mp4,5.96,7.06,high,high,HVHA,True,True,True,self_report,derive_inside_training_fold,False,True,True,False,False,False,False,window_qc_review,sub-mit121_trial-11
sub-mit121,11,28,54.0,58.0,1000,review,variance_outliers;amplitude_warning,540.1841417025724,604.9561141952889,0.001015625,0,7,data/processed/sub-mit121/trials/sub-mit121_trial-11_eeg.fif,False,,1.mp4,5.96,7.06,high,high,HVHA,True,True,True,self_report,derive_inside_training_fold,False,True,True,False,False,False,False,window_qc_review,sub-mit121_trial-11
sub-mit121,11,29,56.0,60.0,1000,pass,,65.37949354831156,116.80546158863947,0.0,0,5,data/processed/sub-mit121/trials/sub-mit121_trial-11_eeg.fif,False,,1.mp4,5.96,7.06,high,high,HVHA,True,True,True,self_report,derive_inside_training_fold,True,True,True,False,True,True,True,,sub-mit121_trial-11
