channel,mean_uv,global_std_uv,global_peak_to_peak_uv,sampled_local_std_uv,sampled_local_peak_to_peak_uv,flat_fraction,nonfinite_values,median_channel_correlation,line_noise_ratio_50hz,high_frequency_ratio_35_45_to_8_30,robust_z_log_std,robust_z_log_peak_to_peak,robust_z_log_line_noise,robust_z_log_high_frequency,robust_z_median_correlation,suspect,suspect_reasons
E1,-38458.08096334343,52179.24214339457,653463.09375,181.21700926665346,781.516769527123,0.0007951472283333507,0,0.9929562523561428,16161.301655865633,0.1457683118316465,-1.0176698939407482,0.25002680752126955,-0.5530749244861856,0.21055113108637277,0.6465630378773931,False,
E2,-44325.719602327576,49229.5655508407,665721.59375,226.16129799793293,868.1190170630534,0.0009212433373041245,0,0.9828938788357692,26800.855440650947,0.1620098881746393,0.8612341664674076,0.7073447478572173,0.1399808208349678,0.39857639314812293,-1.6646772826367162,False,
E3,-47931.12920080744,47029.41263584475,665498.71875,197.54593901299256,830.5151098039642,0.0007788289083488976,0,0.9417673654381443,25299.30467612963,0.18943672867577793,-0.2859984725318535,0.5146447178129182,0.06098058491802171,0.6769465428364614,-11.111082329547026,True,low_correlation
E4,-42029.840980324094,50149.81205431279,664364.3125,196.46780764086336,708.7395767264206,0.0007165225956809857,0,0.9888728667403421,48579.19640781978,0.12513466451611077,-0.3324091576917039,-0.1753341440048913,0.95491033432802,-0.06110932905381577,-0.2913553826957506,False,
E5,-37119.18086228829,52031.699951458744,382411.62890625,197.60516921875802,712.8919543989405,0.00014389791259017726,0,0.9928619108457909,65816.76898283072,0.09937075712870445,-0.28345611499103346,-0.14991337243268643,1.3710051385046194,-0.4714311480927013,0.6248936074808685,False,
E6,-34711.50852808183,53298.81372361483,289208.74609375,173.8882814746177,585.5936712338967,0.0001483483634950281,0,0.9916636953058896,84918.5566508679,0.08128687034818295,-1.3677679557953406,-1.0058867635423974,1.720151260843613,-0.828962913037832,0.3496738431897477,False,
E7,-33992.8315113473,53728.90290193768,310728.58203125,117.57920117772713,381.4224094062006,0.00014389791259017726,0,0.9863438712614496,63231.103905933596,0.14812719919731582,-4.686234229590621,-2.8714936364807016,1.3160906824909648,0.23912347323050134,-0.8722438092065986,True,variance_outlier
E8,-36856.034360019,53206.618259364375,665406.34375,263.2548889133836,1619.9926657111273,0.0008173994828576048,0,0.9878313066828156,21021.595686378336,0.12158641911214768,2.1492191304607675,3.4220741076932115,-0.19281296751437285,-0.11230810685422181,-0.5305927352267602,False,
E9,-42518.82553656824,50237.51853685889,665406.28125,207.68585641530075,938.0434469981119,0.0011051953080379593,0,0.9866196853173786,28692.00300124942,0.15616778040282928,0.1385019782384529,1.0444510953727137,0.2334059425904945,0.3332075280129732,-0.808891701899413,False,
E10,-42677.73166976276,49859.28681085067,664361.40625,191.10333174215307,727.6684086276427,0.000744708784745041,0,0.9853413957190225,40805.464261817135,0.14209722220677423,-0.5671886676229212,-0.06063799452441672,0.7159794579616797,0.16515162514046003,-1.1025037860694802,False,
E11,-38960.73712461024,51363.72126989545,664627.25,202.78792216500628,739.8076981165791,0.00012906307624067445,0,0.9937313515266375,63310.126719937005,0.09455467906687318,-0.06389532954110944,0.011358247664402932,1.3178019883318481,-0.559855180088937,0.8245966252429525,False,
E12,-33489.541817559155,54239.81093370134,657400.6875,198.88656394102546,655.255549421081,0.00013796397805037613,0,0.985184112613056,72465.05744766713,0.09070909694366913,-0.2286401716003673,-0.5167720268469688,1.502857175319252,-0.6337571864163707,-1.1386303575497807,False,
E13,-35896.85861479519,52828.357790299524,483158.34375,175.36965372683943,567.5397562499443,0.00014538139622512753,0,0.9921684683967215,56477.51647493874,0.17682091808631503,-1.2958268491162197,-1.1421582563279395,1.161323939344277,0.5542810039517132,0.4656158640140547,False,
E14,-39944.06948802012,51545.77837913037,665710.84375,223.1420066142958,1091.2910656936747,0.0008322343192071076,0,0.99130790317426,25859.525805127138,0.14850519234618506,0.7472541963660679,1.7029353330421313,0.09099040393471731,0.24365962790138243,0.2679514624135767,False,
E15,-43210.60328536828,49967.97281618416,663993.3124999999,212.31356020659854,952.0207691568594,0.0011897538752301253,0,0.9821028625498024,32791.49016438091,0.14171543630614838,0.32539411454760697,1.108813613293324,0.4163940911255787,0.1603630021062842,-1.846366894000086,False,
E16,-41658.930391624664,49972.434848021505,664721.125,203.64296376667096,809.6467932367914,0.00014538139622512753,0,0.9920738679915608,40521.261300685015,0.1221055162176492,-0.028212624583561212,0.40390540452266327,0.7064030151669339,-0.10472529341102244,0.4438869677152325,False,
E17,-39780.49641783447,51711.99319378263,661781.6875,217.6362664698865,983.7131761571973,0.0009776157154322352,0,0.9931114468127091,25318.819826451054,0.15989978399660207,0.5353816403857653,1.2513172871397844,0.062037093457741416,0.37524190084950193,0.6822098646235952,False,
E18,-42983.3280112876,48922.458423343596,661037.78125,212.98945823270026,795.321575040196,0.00013203004351057502,0,0.9861259994256996,33261.613120248854,0.16676941890761815,0.35234913497718884,0.32622276125725425,0.43589849603536096,0.45011257789240644,-0.9222870888036444,False,
E19,-38169.93385465545,51456.88830043321,660647.90625,192.59671622925828,663.9207348545797,0.00013796397805037613,0,0.9930280496975739,58428.5119971135,0.11379008871862523,-0.5011742856655297,-0.4596032414357636,1.2078570769246837,-0.23026091492827935,0.6630542673159683,False,
E20,-40765.9128230698,49912.19308250959,641586.8125,196.47803895319578,638.0565590567358,0.00013944746168532643,0,0.9934424177319401,41996.916646051184,0.1933943547538529,-0.33196753108894,-0.6325172045733691,0.7554134714578646,0.7137480243656781,0.7582310272146453,False,
E21,-37391.8077288658,53262.63440297216,657216.25,237.20629596592602,1310.65709183038,0.0012935977296766451,0,0.9926179960363829,22000.651556807272,0.1664467797730489,1.2656040851826926,2.5000031669961538,-0.13043998510766636,0.446665799685305,0.5688684816859614,False,
E22,-39235.37087012258,52028.402904946954,661291.5624999999,205.12092732799294,854.9686252655692,0.0007981141956032512,0,0.9930442339672575,23734.749570443022,0.17112489191389485,0.033114087480753986,0.6409219064294328,-0.02648710339725111,0.4960007507958224,0.6667716543295952,False,
E23,-44481.84829234907,49001.54105108742,665324.28125,171.5677801580468,634.5074215094701,0.0009865166172419368,0,0.9752278952743382,19905.498782369657,0.2187192590547758,-1.4817016345150777,-0.6567901245212631,-0.2675620422006292,0.9327765510637431,-3.4254875196750803,False,
E24,-44879.354922911145,48195.796461266844,661165.3124999999,201.53299275067906,687.5434210538078,0.00023290693068719412,0,0.9820464033252538,27363.327688600133,0.2509649387042,-0.11653959528010098,-0.3074620972995694,0.16843929773151098,1.1775540977943024,-1.8593350904178962,False,
E25,-37495.94301994019,52954.19450205183,660639.8125,258.0561621162939,1577.8397159635672,0.0009464625590982793,0,0.9915840346997808,19969.946178698792,0.14065523760204707,1.9800695022738182,3.307344601579643,-0.2631330251575217,0.1469972936480977,0.3313764897450197,False,
E26,-40712.85693979911,50450.36681452551,663310.1875,222.6793774852672,977.0234513467785,0.00027889492337065285,0,0.9900764711066447,19008.79545235966,0.2168052835952847,0.7296535417441002,1.2216233100144613,-0.3307193557152122,0.9171325156000416,-0.01489785150663767,False,
E27,-44769.869506458635,47856.108431666165,660988.15625,208.40611077544145,723.1434942036722,0.00013648049441542586,0,0.9787526584396997,14819.029209812648,0.3211261311280484,0.16786181148911225,-0.0877822767207291,-0.6718796555582867,1.6163329848822698,-2.61587985290025,False,
E28,-41598.40395956231,49508.1797231064,655740.5625,212.63430791272992,823.853481173398,0.0001349970107804756,0,0.990009782137208,13780.464065679638,0.4011084851621553,0.3381963135383985,0.4795995468847961,-0.7714370578496501,2.012176055875131,-0.030215732003060932,False,
E29,-34579.31302252701,53589.68122717453,657145.3125,196.02158190678063,641.2182441936327,0.0001409309453202767,0,0.9909696551057322,32651.347298103516,0.30836566013187366,-0.35169255128396415,-0.6110075543066628,0.41052573208175536,1.5441627041541053,0.19025880145892798,False,
E30,-33393.31512923428,54206.98137147753,621856.65625,186.9685455817877,602.810585991267,0.000142414428955227,0,0.989465083963763,36077.06784206874,0.3220036226026365,-0.7526923702684654,-0.8797913731993021,0.5472302259901409,1.621189970720809,-0.15532819959607777,False,
E31,-33022.779521421035,54209.25126389324,302512.109375,143.35620970012286,436.9532848982045,0.0001646666834794812,0,0.9865535191396123,61009.790915033314,0.23806154908625476,-3.0052066791045986,-2.280030930645123,1.2670903973755956,1.0836045898269702,-0.8240895016628808,False,
E32,-40056.74044508632,51447.978924358875,660860.0,207.68761599934138,850.1292186432711,0.0007669610392692953,0,0.9857123157934489,11206.35059247631,0.25392531948331326,0.1385738284156812,0.6162205007311292,-1.0547506537136302,1.198426759098601,-1.0173066474454142,False,
E33,-39843.83650666307,50490.36843248786,650576.03125,203.96037480670793,837.8318079471837,0.00013648049441542586,0,0.9929633355347848,10299.45884418634,0.260625426649606,-0.015004505680773522,0.5528135833994858,-1.1703790298834749,1.2447821607399576,0.648189982856283,False,
E34,-39954.10508329527,50448.43967325801,655597.3125,214.85632686530855,1065.8151925049324,0.00016169971620958064,0,0.992733040660212,6343.516518115067,0.42972852868416894,0.42635835778511977,1.600144253759126,-1.8344471084023355,2.1348489428618094,0.5952932385004163,False,
E35,-33638.26806128249,54087.11848930653,651520.3125,202.54574718139497,806.4793252802737,0.00014389791259017726,0,0.9863526662887555,18690.670149190886,0.2895950275428192,-0.07402915073251351,0.38684791039675154,-0.353844287869087,1.4323808644876637,-0.8702236673694638,False,
E36,-30905.736486895486,55665.69457491766,596352.28125,193.69853963192725,735.9557591032337,0.0001335135271455253,0,0.9736693477545988,16291.257403739555,0.3390162497423485,-0.45279601028834704,-0.011358247664398483,-0.5421011506740729,1.7128278543048345,-3.7834724286794486,True,low_correlation
E37,-31791.12218690744,55027.53784321657,367970.3671875,107.27968963898589,380.1726109576656,0.0001498318471299784,0,0.9843025338572661,10670.868578097521,0.24673731044320835,-5.4636747088275595,-2.8857757989302675,-1.1218389344167186,1.1473156218190994,-1.3411213863279297,True,variance_outlier
E38,-42042.837846556096,50224.25677532006,652997.84375,238.86409590651905,913.6792695238473,0.0007951472283333507,0,0.9908100158716006,17453.17596619774,0.2014181339105138,1.3246676002057756,0.9299318290499758,-0.4477054066400864,0.7861032915340614,0.15359104768155127,False,
E39,-39897.454706009965,50523.06436667655,655202.8125,213.22063125664403,906.2303015494508,0.00012757959260572418,0,0.9915634992756337,4751.35339733962,0.3662113685462367,0.361548758536701,0.8943091632375457,-2.2304338520827542,1.850168575307927,0.32665968011837904,False,
E40,-42176.88035955621,49126.4910402594,660462.21875,210.96146609968574,1031.7563524205088,0.0001557657816697795,0,0.9870486774344838,3607.6705017885356,0.5006540804806956,0.2712136981684159,1.4588160187292243,-2.6077361050869996,2.406747447452681,-0.7103559164578835,False,
E41,-36021.97072609722,52525.02238358492,659624.8125,179.768836167838,643.9739337263959,0.0001483483634950281,0,0.9925601504524978,13257.8495103813,0.21131112584957656,-1.0857137972867743,-0.5923463111488197,-0.8244111023665301,0.8714462817929176,0.555581850498176,False,
E42,-35068.573457371574,53092.87518894912,395610.97656249994,69.3910262632306,326.4325887339478,0.00017060061801928232,0,0.9926515595155453,3873.7047372664574,0.12910249773107627,-9.158517805266573,-3.5489660883415177,-2.510249177657478,-0.0055480922087200145,0.5765777230672107,True,variance_outlier
E43,-35491.85681896164,54009.98609362251,664076.5,239.58746543808616,1102.5242046274698,0.000939045140923528,0,0.9913462171771136,18498.823726053233,0.16381966279087384,1.3503112096300476,1.747499168706639,-0.367980870302346,0.4183488553076996,0.2767518580713421,False,
E44,-41904.997485514206,50264.90578016989,661959.375,208.15332387110135,849.797275515788,0.0007788289083488976,0,0.9887668632916404,14194.955114488943,0.171602814758256,0.15756899484995537,0.6145210395941165,-0.7308322486100157,0.5009647433430009,-0.3157034596436872,False,
E45,-43206.94986788816,48604.001462794055,658272.34375,205.16418708154686,937.2507567793018,0.00016763365074938175,0,0.9826669187228747,3784.7668820327617,0.4286351014633351,0.03490244715573233,1.0407722476870778,-2.5420743825409233,2.1303143210487354,-1.7168080610269278,False,
E46,-42301.35507301084,49095.13139142702,659843.40625,196.00779105668326,833.451220120799,0.00015279881439987894,0,0.9886755163408859,4090.500930699008,0.46624653695581186,-0.352289214159264,0.5300017034788405,-2.435634609461554,2.2800180079866683,-0.33668506555529426,False,
E47,-38103.960868516864,51413.322689432505,652084.09375,181.82170093456625,627.1987333814227,0.0001409309453202767,0,0.9937580674770847,22291.147237788326,0.11773757373901354,-0.989418619952012,-0.7072055874865038,-0.11246660629142347,-0.1695618563594471,0.8307330483989283,False,
E48,-35698.36267124027,53758.36772671851,664656.9375,247.19118156524047,1039.24191396292,0.0006423484139334716,0,0.9919036855172874,14918.478167245366,0.22954077009734208,1.615274853898628,1.490273520843691,-0.6627152472604368,1.0187302450125828,0.404797522706129,False,
E49,-35498.44410851775,53671.50875533452,665263.65625,211.0951906079189,861.014496877945,0.00019433635617848683,0,0.9932364964866516,18890.113579025077,0.14220229419951255,0.27658768819582485,0.6715856658433927,-0.3393009157108798,0.1664672532136437,0.710932695066903,False,
E50,-44120.76343747807,48078.09610070869,658328.375,558.7991405260472,3398.064800601689,0.0001498318471299784,0,0.9101788279028504,2337.48336789525,0.16118368728206492,8.53229017049404,6.645662383262361,-3.202376312170334,0.38947629343728685,-18.36669667042011,True,variance_outlier;peak_to_peak_outlier;low_correlation
E51,-38073.542303017566,51419.78503762596,659200.375,176.58941301816932,609.2569237553248,0.0001498318471299784,0,0.9935878114354768,20879.971457818014,0.09906750277892701,-1.237045398047605,-0.8335034137857924,-0.2020752086622802,-0.47687121487585493,0.7916267056082724,False,
E52,-33893.14024763233,53788.22538120526,450444.546875,196.94415101603698,663.7349681117378,0.00014389791259017726,0,0.9921110665368612,22964.1660475381,0.1149427891380624,-0.31187251858776804,-0.46082099720907516,-0.0717101153079129,-0.21232127186595912,0.45243115240372817,False,
E53,-33050.78036412656,54261.60602323129,380008.32031249994,46.78175416039572,266.37430091936324,0.00019878680708333767,0,0.9894917543706944,2668.5915711446924,0.09365190000654894,-12.502115681629167,-4.433735142131676,-3.0208605953600505,-0.576930634561438,-0.14920223739247587,True,variance_outlier
E54,-31752.13378110384,54990.975532018885,371877.91015625,329.65661483311715,1005.3799041884647,0.00012461262533582362,0,0.9768220169901038,72259.25152640635,0.10125313493150646,4.056750610665451,1.3461226917888218,1.498960234477642,-0.43803017262504906,-3.0593315249860713,True,variance_outlier
E55,-33303.54796019005,53921.33656053781,370328.375,177.78433409325208,534.9761370400107,0.00014686487986007783,0,0.9843563955719736,89311.86352667547,0.10600053984663094,-1.17985331526604,-1.3992877158148198,1.7892653780454757,-0.35647485668253065,-1.3287498154940618,False,
E56,-38125.01729730383,51623.20666267836,656875.21875,351.2164895082991,1792.4785861433256,0.0001498318471299784,0,0.9887366762125669,24817.471241196443,0.10471196663169934,4.594007328492721,3.862357808520426,0.03463339335664769,-0.37824425694231445,-0.32263717107589046,True,variance_outlier;peak_to_peak_outlier
E57,-44599.65793881712,47808.85161466216,661072.15625,208.09492520024813,741.1093696881908,0.00017356758528918288,0,0.9844285120731178,17246.508942754812,0.13170472221672747,0.15518937746864908,0.019008019583019495,-0.46402682614998253,0.02997099739057681,-1.312185277824967,False,
E58,-39725.9370622324,50634.85874663607,663647.28125,203.1046708456043,729.6033964227017,0.00017653455255908345,0,0.9933187288395187,15142.936420552714,0.14345796099540015,-0.05065921968177345,-0.04908177944344804,-0.6422535631424885,0.18211492224818537,0.7298207565379199,False,
E59,-33065.619359708304,54291.45494378187,406581.64843749994,188.21393609270166,632.4422092889026,0.00013648049441542586,0,0.9872805725195798,20438.16078631253,0.09404737756607674,-0.6963907125407518,-0.6709768908304374,-0.23137868955754404,-0.5694302738314267,-0.6570916175608299,False,
E60,-32682.73210520329,54525.48691002358,365184.2578125,139.69295273982442,481.432375877145,0.00015428229803482924,0,0.9876138464431038,20028.50765732131,0.073491118914808,-3.2247328718878654,-1.858190293743822,-0.2591208833061151,-1.008410945296695,-0.5805414747674816,False,
E61,-33517.60020395673,53877.91494915341,317238.234375,60.60739563965451,272.41759871060117,0.00018395197073383486,0,0.9904523207104521,9288.1869927681,0.056428309907037295,-10.306287570984722,-4.3361128851409445,-1.3119842050338746,-1.4786454995559264,0.07143155745538761,True,variance_outlier
E62,-32333.989206636583,54571.637527961335,494425.34375,166.40443014400913,560.0209858365108,0.0001349970107804756,0,0.9856972584145803,58927.44766304591,0.035401838292063295,-1.7408455117156323,-1.2001933924376866,1.2195077001243892,-2.3084413830144705,-1.020765197368228,False,
E63,-41590.32662441221,49859.65768198491,665661.0,239.74980089442306,1059.2505961760653,0.0003604865232929183,0,0.9772688038698926,27311.950989962697,0.08157833236908743,1.3560553996034908,1.5732589640542847,0.16586426676850885,-0.8225923708584773,-2.956708436193594,False,
E64,-39702.4226711222,50577.500261718895,665233.5624999999,220.3695026555722,752.9717007719237,0.0001809850034639343,0,0.9929818613134908,27425.40151723578,0.0769096956375562,0.6412240101038785,0.08810875935611685,0.1715440333959321,-0.9274841736951394,0.6524451942760826,False,
E65,-35286.79381909201,53220.36420734613,398984.40624999994,212.98343005481493,709.1396841457688,0.000142414428955227,0,0.9929739696906428,34793.23390856275,0.0584235936357098,0.3521091076509513,-0.1728782192347682,0.4975825160649832,-1.4167965362147432,0.6506325566430623,False,
E66,-31304.40005273126,55591.10925879001,637951.40625,209.42250028586494,685.4056127745025,0.0001349970107804756,0,0.9800131394342293,41711.17242631005,0.050460197750300584,0.20912088222078054,-0.32101375374600916,0.7460590086620862,-1.6776120853181153,-2.3263582512721777,False,
E67,-32992.45241758085,54580.76986691609,480933.2656249999,195.06953684412912,644.9949843846259,0.00014538139622512753,0,0.9908546703141836,56482.06908536956,0.041860723630191374,-0.3929818014387593,-0.5854521309814356,1.161434383957352,-2.0101604562445012,0.16384778760271201,False,
E68,-38141.53292363988,52137.806392176375,658790.125,241.01473163281355,1051.9651830679177,0.00048806611589864246,0,0.9929832458324607,29523.439644419614,0.08322265392236268,1.4006818057880759,1.5432258077159822,0.2725465559683417,-0.7870731345494785,0.6527632063297305,False,
E69,-39723.595420558624,50764.43080630281,615307.53125,220.40313293548894,773.7660821875616,0.00014389791259017726,0,0.9932929422782668,17777.557817627287,0.10403660470622292,0.6425181238343166,0.20665454049422097,-0.422473255844107,-0.38976118995036785,0.7238978060559077,False,
E70,-33444.43871216452,54364.62186653659,616333.90625,220.86518514031457,760.403461435958,0.0001349970107804756,0,0.9906702611709053,44517.463165312154,0.04371879453853885,0.6602782090347058,0.13084795036741242,0.8352747908876551,-1.932859838198788,0.12149059955424912,False,
E71,-30453.52719072702,56186.66740570106,617951.1875,204.4730647233987,692.0594167829204,0.00012757959260572418,0,0.9719042229226816,57922.22938336916,0.03186739597989633,0.006286211894282651,-0.27897300003395686,1.1959327537268007,-2.4956504157427175,-4.1889063627316325,True,low_correlation
E72,-30774.334714668286,55847.00295375053,533245.015625,204.9183124955859,690.2020964572225,0.00013796397805037613,0,0.9757682705932569,65691.18670370919,0.030252479373745325,0.024732960185935925,-0.29066730863255064,1.3683882597281514,-2.5882138915929116,-3.3013679744438464,False,
E73,-37670.4526625061,51934.593850179655,492341.234375,166.67078872307638,676.6054207067916,0.00014686487986007783,0,0.9929307095411007,12069.351216870105,0.11658433422447669,-1.7272817220478653,-0.3772472727748132,-0.953098965639019,-0.18708178732165426,0.640696073795295,False,
E74,-32887.57753872872,54714.76955829157,449288.796875,215.43973487070787,760.199379800066,0.00013203004351057502,0,0.9839349973796835,20097.506543915133,0.12381150458076112,0.44935486429039,0.1296798885565965,-0.25440868425662044,-0.08002985691258158,-1.4255413419704688,False,
E75,-35910.99326459588,52963.36342266364,662323.625,201.65968354044338,708.7509079917932,0.00013203004351057502,0,0.9923529836420065,51232.749839795244,0.02995616213492127,-0.111210064074508,-0.1752645717704624,1.027781346477997,-2.605733478448209,0.507997422777395,False,
E76,-29951.48142549655,56287.985532785286,652042.28125,196.85380747740342,689.2418000932792,0.00013054655987562472,0,0.9721686135458005,59934.04074546374,0.025885398687480767,-0.31576368882190575,-0.29672600245594694,1.2427153037724827,-2.865696553854882,-4.128178119312624,True,low_correlation
E77,-29589.02155806853,56551.60970357475,611519.75,194.2616255751393,654.9064377644656,0.00014538139622512753,0,0.9736844952105934,64156.21254039568,0.025121941662351294,-0.4281784822218896,-0.519091113939365,1.335991976677453,-2.9189817557525406,-3.779993188818485,True,low_correlation
E78,-32855.27832434274,54540.667759120886,654983.03125,118.12549177030004,415.61672738579273,0.00015873274893968007,0,0.9858407180063496,35612.73462846501,0.04537213261140187,-4.6469233413953885,-2.4978834983601126,0.5294807482803542,-1.8667904453128599,-0.9878137677487262,True,variance_outlier
E79,-32920.32270476459,54529.85534896831,460265.20312499994,412.7287891955432,1215.0909248321516,0.00013054655987562472,0,0.9747552633941458,122936.03954690971,0.06838896695942069,5.962673418761792,2.170545804488607,2.2270783542912658,-1.1364792098780174,-3.5340469819181943,True,variance_outlier;low_correlation
E80,-34018.86323296546,53879.95951223106,326749.828125,471.8159950834938,1371.1667122896838,0.00012906307624067445,0,0.9729014098789461,124072.73321158241,0.2000944448860274,7.09736395724705,2.6964050260888297,2.2396891144577684,0.7743675469257171,-3.9598611284494076,True,variance_outlier;low_correlation
E81,-35600.72461306774,53447.41568371804,664948.5,238.75082301462731,953.0041110940392,0.00019730332344838737,0,0.9908441271393474,24841.037826985354,0.09449936866055345,1.3206450201229216,1.113306046626208,0.03593389278007007,-0.5608966414100228,0.16142611137112917,False,
E82,-36692.629296940846,53037.59552819112,652207.34375,214.58832370770017,753.4037713983341,0.0001809850034639343,0,0.9934068782667536,31388.22062082406,0.07197467544426785,0.41577339448532746,0.09060507335478803,0.3564674820409346,-1.0455220036447912,0.7500679189040363,False,
E83,-30890.575206367826,56540.296828198945,660528.15625,204.84149324621225,716.5602650979963,0.00034120123603856463,0,0.9762809338404808,51469.080198635376,0.02753187103936273,0.021553178559004103,-0.12757892995912226,1.0340872778164296,-2.7559394572447,-3.1836136528187913,False,
E84,-30138.50849558351,57117.66919319174,655530.71875,206.87922374376387,711.092089391552,0.0006141622248694164,0,0.9711723800815407,54729.48146680064,0.02675186908733588,0.10549998085406632,-0.1609138802812258,1.1182454048672417,-2.80709327866098,-4.3570043447136895,True,low_correlation
E85,-32467.705892101898,55751.92282782995,662221.9375,195.13996872880554,665.038454259,0.0006631171848227756,0,0.9856940623337523,54235.902279214184,0.040963904257329396,-0.38992034519674523,-0.4522834460372816,1.105832357988975,-2.0487069362977652,-1.0214993095399063,False,
E86,-32424.168089530936,54952.26306811659,584226.3125,166.08967031224347,543.1412620974652,0.00014538139622512753,0,0.9835548615970816,40526.412222902654,0.07353392396247972,-1.7569020558328765,-1.3333729394767948,0.7065771764351448,-1.007374548774806,-1.5128552491953136,False,
E87,-35117.265028942624,53779.15715748937,425107.97656249994,466.7158082125635,1372.6462823511122,0.00013054655987562472,0,0.9739480762836905,129643.71469838954,0.14564304201728853,7.005192181025868,2.7010981147804523,2.2998702034457343,0.20902088155118964,-3.719450892049942,True,variance_outlier;low_correlation
E88,-36609.294935971244,53353.55561884597,662286.4375,209.43161463304193,768.0074367817274,0.0005933934539801124,0,0.9922452542485855,24565.025562283237,0.09095147553780143,0.20948996124827643,0.1741473476207993,0.02062443580774462,-0.6290075965909095,0.4832529112289837,False,
E89,-35273.38815325246,54130.89819231925,665727.59375,212.94129118929783,721.7192297615311,0.000680918988442179,0,0.9926536970214821,31478.14842889313,0.05615879150477972,0.35043105115141654,-0.09636137966287711,0.36038745494871205,-1.4871671335850263,0.5770686897259698,False,
E90,-32868.58537607455,55487.05915537554,666316.3125,201.84655342629532,712.2199077313209,0.0007298739483955382,0,0.9884729431095516,42348.36835504974,0.03661283819347569,-0.10335507318001114,-0.1540175694690072,0.7668321146387803,-2.248574547930755,-0.38321438780404105,False,
E91,-32752.819770150727,55588.356667377666,664173.34375,194.39509422963465,664.7936865444565,0.000691303373886831,0,0.98705296818755,39663.917318999345,0.04399791554330306,-0.42235383395170495,-0.4538853445778236,0.6771018633949037,-1.9215323422565929,-0.709370367524339,False,
E92,-33960.42816671817,54938.85426885092,662481.46875,180.63610581724242,591.1927530317865,0.0007313574320304885,0,0.9912863713919309,31487.982940815957,0.08877915661312859,-1.044898700041269,-0.9644772495754612,0.36081546398946096,-0.672034976116729,0.2630057979149562,False,
E93,-33952.387160520964,54899.811470392575,663986.4375,169.322379811487,557.9677115539256,0.0007639940719993948,0,0.9912043648292206,22875.933453398015,0.10514298828905372,-1.5934245313042354,-1.216177475813341,-0.07698473524384963,-0.3709328199862843,0.2441695984935145,False,
E94,-35634.74201742882,54108.06576705207,663607.4062499999,237.1826480629705,920.1031355059417,0.0007817958756187981,0,0.9918002667694621,25095.09760777997,0.1008774124847271,1.2647585831374668,0.9604197732054947,0.04987611100614239,-0.44464712416652125,0.3810431292335674,False,
E95,-37234.2315748661,53183.90933545039,663594.3125,203.17092118082888,767.8108241961463,0.0008277838683022568,0,0.9931679810034254,25754.307986068517,0.05360631033943453,-0.047893399516460995,0.17303318346353722,0.08540401823578073,-1.5699611260690052,0.6951952801228831,False,
E96,-36689.19155216988,53413.18983094406,665721.59375,194.08947205959979,677.7486106103415,0.0008055316137780027,0,0.992986536077793,19881.73304590078,0.07605353218607237,-0.4356972725459991,-0.3699010520703556,-0.2691989142892189,-0.9474090871869048,0.6535189472750448,False,
E97,-35434.605487186425,53223.02038236295,663499.59375,201.8731147731728,689.5692551985476,0.000755093170189693,0,0.993284362470561,20419.908221335063,0.11832391304759782,-0.10223916933743796,-0.29465907749342213,-0.23260289197703887,-0.16071992722559628,0.7219270983027241,False,
E98,-34463.442324054675,53751.03628742658,663276.09375,184.03590381362704,619.5112793623127,0.0007788289083488976,0,0.9917839076401249,23776.628694053437,0.10769974394675104,-0.8867666676604455,-0.7608717178525685,-0.024071602477553713,-0.32816928924704836,0.37728557846723726,False,
E99,-37269.798030842714,52392.25707345291,665109.78125,267.5809782282227,1373.9698110496158,0.000860420508271163,0,0.9916025175414113,19862.785614735665,0.1038869967126193,2.2874488489856404,2.705291967059704,-0.2705053266119667,-0.39232256602721965,0.3356218388892754,False,
E100,-43313.92720741673,48911.63876635078,665955.90625,203.5946203813138,769.9096647533997,0.0008277838683022568,0,0.979926542672916,20546.012071139445,0.08831895565517155,-0.0302260975165376,0.1849121869471323,-0.22416732767230857,-0.6812852976386107,-2.3462487796815985,False,
E101,-38026.94911231837,51857.37187461868,663442.46875,209.63967927825502,711.6260152801478,0.0007906967774284997,0,0.9937636733161647,17713.070314091445,0.10482682013694937,0.21791102585888852,-0.15764770239058035,-0.42745256963504585,-0.3762930553720021,0.8320206612355646,False,
E102,-35805.44623666275,53097.721042768244,662503.5625,178.20130948925132,596.9257337714407,0.000802564646508102,0,0.9934424812775646,20720.152116837,0.10722064338299413,-1.1599862036754671,-0.9224818427112198,-0.2126031629481447,-0.33610474822532277,0.7582456230959582,False,
E103,-114539.63554828717,94329.80532340414,664187.78125,3762.1753406254584,11246.898867804926,0.0008470691555566104,0,0.24152589186601697,57109.53785547564,0.17585940774842462,24.704477006049654,11.854017749211984,1.1765719980097,0.5445759922160078,-171.95050302280893,True,variance_outlier;peak_to_peak_outlier;low_correlation
E104,-35129.12836403459,53318.93764077543,661034.3125,126.81300888951722,444.33408442074506,0.0007877298101585992,0,0.9900102766670292,9126.532546152745,0.16362921569947958,-4.045088374351825,-2.2071399637966773,-1.3360411703356587,0.4162784605936935,-0.03010214277283109,True,variance_outlier
E105,-35102.137151695475,52867.79791818864,655384.3125,227.1577319951137,682.8527625779664,0.00020768770889303934,0,0.985951102686133,68377.95820303465,0.19293472892099683,0.8985163956593728,-0.33725186126747425,1.4233128949619758,0.7095128675562969,-0.962459359848279,False,
E106,-33581.184031107034,53349.32170104278,370858.09375,145.31977812123378,465.0491640841252,0.00014538139622512753,0,0.9906127196804254,66783.60253603329,0.12990986378764463,-2.8898351462272704,-2.0088537657029892,1.3909863496177088,0.0055480922087200145,0.1082738159961465,False,
E107,-39448.06188720613,51574.270392027414,660497.9375,263.64436477106165,1169.0619831175218,0.0012001382606747775,0,0.9887981344861559,15247.723585498792,0.21216786912026558,2.161756592312627,2.0024996632400205,-0.6328047596131913,0.87864809221529,-0.30852073625456256,False,
E108,-42902.7030450782,49191.03354727479,661221.21875,224.29407563973766,862.1648809527724,0.0007995976792382015,0,0.9789551295621566,5918.376822217745,0.3087673224764574,0.7909263936299376,0.6773958531097976,-1.9294978212048557,1.5464795902682877,-2.5693739841790633,False,
E109,-39427.157441731426,51124.91015855335,661413.5625,127.99917060418571,545.289389411103,0.000802564646508102,0,0.993188732931485,6394.64044130202,0.20779146513261787,-3.9661326825073675,-1.3161963272665367,-1.823448770748231,0.8415502924664786,0.6999618188289527,True,variance_outlier
E110,-35762.37816433599,53133.418527282,661850.3125,84.20975940374338,375.9818839025693,0.0008099820646828535,0,0.9920602862428216,6526.2546391504275,0.1831423625838648,-7.517069923317298,-2.9340106539638118,-1.7955341133892984,0.6168018784174076,0.44076735729273886,True,variance_outlier
E111,-36428.664486483365,52639.72787104646,660494.3125,38.176891935332705,201.11431751349937,0.0010072853881312408,0,0.9918395598405755,1548.3182646759449,0.21844159693422988,-14.225906644904143,-5.656657255563321,-3.7667603867371673,0.9305155660119064,0.39006840841747115,True,variance_outlier
E112,-37518.50163523066,51253.72836402658,416122.4296875,190.99761399477114,625.0571578987492,0.000142414428955227,0,0.9927433235648475,68860.67229841762,0.11918209671566246,-0.5718814064644727,-0.7220895449244766,1.4329516853289759,-0.14785729665816338,0.5976551329140544,False,
E113,-38553.62858171089,52168.571372258506,660500.90625,242.73330534921058,876.5937960830051,0.0012891472787717943,0,0.9929743920841407,22388.458825428013,0.11079783941735911,1.4609387860407266,0.7496199352347221,-0.10649813583371251,-0.27769159251315845,0.650729576782657,False,
E114,-42630.170691116604,50338.04580215608,661044.78125,219.40239864522502,743.3348359279134,0.0016822704420336187,0,0.9851050200042014,24295.91545759868,0.11641195477366062,0.6039245115174945,0.03205575526418922,0.005531292043206496,-0.18971544201279592,-1.1567972469292458,False,
E115,-38193.21740146375,51944.055516379274,662618.125,221.60671854581176,950.6472419692791,0.0008366847701119586,0,0.9887378266829772,9078.361080126879,0.21049031662798431,0.6887033099184847,1.1025308309814414,-1.34329237011485,0.8645190937209973,-0.32237291795565054,False,
E116,-38844.89342184816,51393.85664217259,662735.375,168.6982703908942,702.1934394528107,0.0008040481301430523,0,0.9931997930845043,6172.132835673706,0.30284563254728925,-1.6247411298718286,-0.21571351240627815,-1.87197467198767,1.5120124840387463,0.7025022404856885,False,
E117,-41032.198657305504,50150.89112110655,661188.53125,166.7921181962675,566.4292815070667,0.0007936637446984004,0,0.9916780548297891,14244.568873506252,0.2734474133120578,-1.7211104401375898,-1.1506811156630046,-0.726051593765625,1.3302613812002244,0.3529721018513557,False,
E118,-39835.71221626115,50722.04601629246,664012.1875,199.16272985751482,654.7280112974977,0.000755093170189693,0,0.9933699843217405,52392.64313690989,0.13793777274543173,-0.2168725179715836,-0.5202768468706603,1.0584558205480765,0.1122732927594274,0.7415936982716635,False,
E119,-35555.68968361588,55088.483243796174,663793.40625,263.57774958710627,1280.3233470182058,0.002116931147074051,0,0.9922961648317764,18498.43672147025,0.11588294683367655,2.159613523077024,2.398106628439986,-0.3680095354168048,-0.19782216862814617,0.4949466326331414,False,
E120,-33583.385306506745,55595.513607369925,661829.25,225.95893217136398,812.8019663287214,0.0016481503184297623,0,0.9916695039436983,25650.143678373683,0.11362924098616001,0.8536424522565047,0.4208304732363315,0.07985104047227294,-0.23277864927388134,0.351008037143456,False,
E121,-41280.127657464895,50414.1128182195,660763.90625,215.92987055137445,759.4939135559061,0.0011853034243252745,0,0.9902061917117936,24100.544196681352,0.12814404692602283,0.46862672071462624,0.12563973366285755,-0.005531292043206496,-0.01881117712899178,0.01489785150663767,False,
E122,-41222.130867334774,50115.124750378964,660502.4999999999,220.57239453897236,755.3997313989621,0.0009227268209390748,0,0.9900386984860492,21511.88921106578,0.13446622895347538,0.6490284173677754,0.1021183011287196,-0.1612228263646562,0.06690473826040205,-0.02357389633392772,False,
E123,-43580.880328542706,48765.67985541121,662837.0,204.17015957994118,804.2423984278867,0.0008930571482400691,0,0.9808755988895581,21680.79187273627,0.18371783988861598,-0.006286211894291323,0.37476116874581805,-0.15050675286856036,0.6223859402674864,-2.1282587607366117,False,
E124,-43779.591552937374,48535.39650361978,662463.0,202.3664341667569,683.7519665644149,0.0007625105883644445,0,0.9795496448005552,41640.11608393032,0.15710966803929918,-0.08154032061620824,-0.33152531122432227,0.7437228745294976,0.3439102325464269,-2.432818966879738,False,
E125,-39071.726292383355,51285.655025214124,660503.09375,223.01660443561994,897.902304705719,0.0008396517373818591,0,0.9927901087790381,24761.015543886755,0.13328077012925096,0.7424868972670244,0.8541344417901746,0.03151291025260092,0.051143622314015716,0.6084012926766735,False,
E126,-40153.1167305978,50823.93063161261,661674.90625,239.68674816968138,1059.6579749889943,0.0008886066973352183,0,0.9854906175931738,12562.637014881415,0.31163331824292356,1.3538247605104596,1.5749322259424137,-0.8982126156419095,1.5629243927111607,-1.0682288099375614,False,
E127,-36500.238645716025,52734.824646515,661131.28125,270.3055048546226,1716.9836918214423,0.0006156457085043667,0,0.9704256684646102,11297.887605741918,0.3751465096480636,2.3733622134051413,3.675107862725129,-1.0436040655343453,1.8930744541728035,-4.5285175561197,True,peak_to_peak_outlier;low_correlation
E128,-34157.60095056682,54174.05739242646,662521.03125,253.19466274263468,1157.691550426675,0.0009064085009546217,0,0.9921893851426895,16901.171571502684,0.20597920510942577,1.8187800788645563,1.9599684511297868,-0.4917411517303928,0.8259588660687831,0.47042025997067644,False,
