configuration,channel,median_trial_std_uv,median_trial_peak_to_peak_uv,median_channel_correlation,line_noise_ratio_50hz,median_edge_to_middle_rms_ratio,suspect,suspect_reasons
raw,E1,152.71100375945537,692.275673387303,0.6834673216325522,13502.795748272876,1.0374472510892536,False,
raw,E2,169.8112677305372,743.4588504409294,0.7639552061182847,23351.28822708495,1.047678259066839,False,
raw,E3,159.0705582286256,710.9087282445726,0.7159197924322276,23818.698495517598,1.0264271889436514,False,
raw,E4,159.81680061094764,699.7128336515798,0.8152389692849056,38793.5032897674,1.0073386833745381,False,
raw,E5,163.21624292313422,595.7225143315718,0.869442408407241,55899.522922434786,1.0099285586756084,False,
raw,E6,137.9576930115743,547.8514169391124,0.8456230161066278,59916.31782418191,1.0071494732137214,False,
raw,E7,84.94732553601753,295.55718922470965,0.5349320666149903,41556.16063095586,1.0054629608819006,True,variance_outlier
raw,E8,197.08589559161257,1181.7447685004909,0.4958625757272334,17562.109346760622,1.0164991185035694,False,
raw,E9,152.29004670049673,743.5151236867459,0.6975469321278511,28624.87624093111,1.0265797368889433,False,
raw,E10,151.46763070598226,605.6676557684932,0.8532071233541043,36513.32346584293,1.0318685256664761,False,
raw,E11,158.59924263524627,661.7057396743894,0.8204333140245306,50395.495614469226,1.0060629169139965,False,
raw,E12,163.99578233560354,611.6453531187058,0.8577968493164192,55304.892389910136,1.005416219454859,False,
raw,E13,127.8547218813593,418.8151548297501,0.7914356043004395,41692.24161319574,1.006582647329471,False,
raw,E14,170.75140283048773,972.1800645604108,0.715509440771948,23785.300409416443,0.9999770163063111,False,
raw,E15,173.14055554805384,786.9313562968782,0.7522640117274845,34340.48967606371,1.0072804835385507,False,
raw,E16,161.75446627792525,654.2142544636845,0.7952003339555048,38266.414372198014,1.0190329876232804,False,
raw,E17,169.83709694995153,814.8688287479563,0.7922588522452867,21083.004831326387,1.0140525304995798,False,
raw,E18,173.88208063743917,691.3193091172852,0.7524939699248673,38356.12313246765,1.021250681060006,False,
raw,E19,158.21998970082012,564.306696545129,0.8768977332879111,44476.55178926494,1.012323502862552,False,
raw,E20,153.62840073861673,516.0902233839497,0.7676756772136484,35349.41981287043,1.0063054732719832,False,
raw,E21,190.4470204013736,877.6337189332262,0.7037153370883275,22606.279225139468,1.0145585540103461,False,
raw,E22,162.93114764040723,734.8674426485395,0.8016781347365016,27500.27638559522,1.0139023769070774,False,
raw,E23,117.38385986560758,490.7766917515255,0.6717980813417146,15583.391128532197,1.0388864167853245,False,
raw,E24,159.65895591407764,579.8048588547736,0.6648827955919102,24041.46673783663,1.0085676094931881,False,
raw,E25,190.8330179453585,1058.9963057254117,0.5875545832725857,18556.799735138557,1.0194889508684988,False,
raw,E26,185.7566082569037,936.310578590721,0.7706786720074713,18946.678382992457,1.0356185117531274,False,
raw,E27,168.46760831517793,663.2441612989714,0.4949872024460187,13560.517143319787,1.0122030260334829,False,
raw,E28,180.86191561166484,762.1117244282377,0.5750343065024686,14226.068673556229,1.0114966675251924,False,
raw,E29,148.35668463500417,563.0270064598308,0.7662517925642003,30478.17819853328,1.0049480889455358,False,
raw,E30,135.5196833515663,490.4538371806949,0.8029732032591742,31750.432084590608,1.0037485337959386,False,
raw,E31,88.04936407318122,302.11943675230395,0.5853794847007561,36232.79963743847,1.020479163295064,True,variance_outlier
raw,E32,169.60817200599706,794.3280834494999,0.7401114071808443,9202.956666753595,1.0446751000979957,False,
raw,E33,162.24186356627578,710.9929641066647,0.8474503333170469,10331.768159300944,1.016924891945122,False,
raw,E34,174.52338759782234,806.8132392140033,0.5997955236012693,6074.570051174822,1.0092623339840088,False,
raw,E35,164.5041321886081,767.4571274768825,0.7964948662629406,17870.263510105015,0.9946348101146344,False,
raw,E36,161.7609803651813,722.8218611914626,0.8373967349212758,18332.21137544367,0.9995820700804188,False,
raw,E37,77.88400613091252,374.8666751847187,0.75386946085892,10352.72858402531,1.017691346008019,True,variance_outlier
raw,E38,182.162109865455,790.3921726801855,0.7834865833775332,12886.977766721222,1.0152488861768731,False,
raw,E39,168.43363269602744,791.1857483587137,0.7219394009373189,3723.747881247467,1.0344991102537668,False,
raw,E40,173.83006119864555,854.8311716145927,0.7148671512736127,3257.3575550347005,1.02623307087737,False,
raw,E41,144.52968356384412,578.6936692259733,0.8068072493039925,12410.080007566901,1.0129028528144426,False,
raw,E42,61.78354647573677,341.06130224139997,0.5037817711835607,4481.3737315005055,0.990436677312998,True,variance_outlier
raw,E43,213.439630605189,954.5321384387835,0.6476288458831274,17572.356229768156,1.1232383042498122,False,
raw,E44,162.60596961106972,744.3355621736519,0.8360818203153552,13212.203514589613,1.0359906292310095,False,
raw,E45,166.95538825809845,818.5377458961884,0.6227402239602066,2705.120953631312,1.0248671549896136,False,
raw,E46,163.53519729469198,780.0467805300923,0.5670799004420886,4232.2376826430245,0.9853696874743672,False,
raw,E47,151.6343818368629,564.4395246218464,0.7482511394156383,22574.628803090123,1.0166931741853433,False,
raw,E48,226.3705662425733,1214.9054033623142,0.6207743101841312,15118.490841311732,1.1100437843461997,False,
raw,E49,188.63215518469474,896.0024265461439,0.7313778685542232,18295.754612377703,1.0107159333153226,False,
raw,E50,563.4232654053811,3183.2734015767383,0.40141640791164596,1525.2352001306492,0.9547591385021069,True,variance_outlier;peak_to_peak_outlier
raw,E51,139.55067525152222,557.4713226976473,0.6920671006479542,20686.11142816157,1.001165724642586,False,
raw,E52,160.69296801322108,692.1270406264534,0.8094850112553591,25881.11117900599,1.0097784014086033,False,
raw,E53,50.55790954180305,278.2798579209366,0.23551809135565294,4237.736732264487,1.0357683466651246,True,variance_outlier;low_correlation
raw,E54,308.9785606199412,982.2238769814433,-0.8174440229988007,89694.69876060844,1.002391772604626,True,variance_outlier;low_correlation
raw,E55,124.05877169953361,406.35276177220067,-0.7816412206724448,80647.44459536114,1.001644350383164,True,low_correlation
raw,E56,347.8274625354726,1895.9261521643166,0.4218900032096084,21753.52920359421,0.9862665820272049,True,variance_outlier;peak_to_peak_outlier
raw,E57,168.44580182694676,736.4670142464765,0.813403589059439,16688.24115108953,1.0315946462432812,False,
raw,E58,167.95861293264915,634.4729450380346,0.8469616621336707,16158.658761420666,1.0045505508045165,False,
raw,E59,154.84903563240348,594.3772998350653,0.8379137408098094,24008.93594795943,1.0076301889346737,False,
raw,E60,112.71541816703827,455.7782177030173,0.7196178701817185,20887.979495328993,1.014664077599323,False,
raw,E61,63.74841563151242,280.77428429468364,0.5452875945349607,13149.630519294307,1.0075242274427185,True,variance_outlier
raw,E62,132.31352381340332,481.1451896265146,0.7893808800856337,50344.45480593484,1.0110287704286278,False,
raw,E63,274.83334353388744,1320.942369690587,0.49716911377419387,24186.917950724004,1.006884404980783,True,variance_outlier
raw,E64,195.02310448530602,787.6905422575655,0.8235519263234576,25364.023368534814,1.0199184581802767,False,
raw,E65,173.3364923376963,649.4849563260486,0.8663836362005023,32545.967735552942,1.0025020935749696,False,
raw,E66,169.31608698348816,627.7339668800919,0.8507072289618058,32616.250239912148,1.0046829803516188,False,
raw,E67,158.5632356611922,577.9067257207923,0.830003438273401,46049.60250159442,1.0041341266107047,False,
raw,E68,247.3654604208987,1152.8575272055432,0.616566477650173,24723.295696863457,1.0427142740906121,False,
raw,E69,189.29678596864832,777.3231049524238,0.8083731819507003,17251.99076916534,1.0071555294312957,False,
raw,E70,190.0286261259183,740.0894254753209,0.8207159424750368,38256.09020133116,1.0212193093071666,False,
raw,E71,166.09816180796585,598.1869563273349,0.8280986398322998,48502.887079626125,1.0079388914613707,False,
raw,E72,166.28699832225692,598.3502891157125,0.8201719205866282,55430.6109075907,1.0093801937282836,False,
raw,E73,153.00138741620017,788.6255565775164,0.5297612465236711,7887.121477020904,1.1421033484914598,False,
raw,E74,170.28960107178068,659.2747159263135,0.8487000454491256,17046.916759516364,1.016551908545207,False,
raw,E75,154.4092843032833,553.2193715412768,0.8631055664397868,41298.573837923184,1.0125341731826158,False,
raw,E76,154.92585019593972,558.787209967616,0.8301618127949031,49001.810093517925,1.011726577445943,False,
raw,E77,154.94880092782924,551.0243374332072,0.8129046494788059,52709.168430462254,1.0046191135923337,False,
raw,E78,106.8374582185971,444.6252872789662,0.7574010468996938,36660.745066558185,1.0491165634364916,False,
raw,E79,334.64102301056596,1016.3840384657772,-0.8323680883406911,106862.86148229521,1.008137143787225,True,variance_outlier;low_correlation
raw,E80,297.5625111677533,899.9033916555081,-0.8347620127526605,98811.61899432249,0.9997415089663413,True,variance_outlier;low_correlation
raw,E81,212.88029793798123,1043.6926500857426,0.7062896255818574,19344.13029169239,1.0748996543885239,False,
raw,E82,164.7733917478371,722.7883793463516,0.8263595242362508,23437.32281078757,1.0134524422885431,False,
raw,E83,167.68157550687565,614.3789215593056,0.7988984735874741,44067.43048642757,1.007510017214252,False,
raw,E84,169.17112910578038,597.9882185144452,0.8092320123083777,46310.60722775055,1.0082335529106732,False,
raw,E85,151.72848753496368,553.8556204291115,0.7780184599837889,41224.177499755795,0.9949620015827597,False,
raw,E86,131.96350369681758,515.5085123335784,0.8420221243097776,30699.566615166237,1.0035584589367796,False,
raw,E87,270.2724622704824,846.4588527149999,-0.7964443245820377,87250.71656713066,1.0036688157331872,True,variance_outlier;low_correlation
raw,E88,172.16403141407352,798.7203795389814,0.7915878356363709,23616.39907629794,0.999511192408124,False,
raw,E89,169.24412249615636,666.0009888307009,0.8508965630933235,30737.53036887183,1.0113926502785127,False,
raw,E90,162.8871850157317,595.5566063933379,0.8428688766963018,36021.124732025724,1.0127037063804134,False,
raw,E91,152.033528435634,597.0272537590603,0.8033091192870199,31633.69139820229,1.0162511252301767,False,
raw,E92,149.25210184925032,623.9579510556287,0.8501648201147652,26478.572001028486,1.0018695497769299,False,
raw,E93,139.13507769466364,625.3300095668544,0.8639574953636763,20332.662385390155,0.9966691037719705,False,
raw,E94,213.26115530460535,1012.3352062121248,0.7093808410185312,24439.708423206506,1.0258628034259696,False,
raw,E95,164.4845901782543,650.1802298422317,0.8283668290124294,27318.82354074341,1.0142432946119249,False,
raw,E96,155.64558838584165,691.5356900736551,0.8327538345032656,20710.74734432742,1.0124951933325934,False,
raw,E97,168.55223783049786,776.8162938812629,0.8461308306827603,18462.52360882147,0.9944456285149378,False,
raw,E98,150.68633007643223,688.2835374140604,0.8706876693925985,19492.248478737572,0.9959809012402294,False,
raw,E99,229.81572311787212,1290.4218005585717,0.4488878661916481,17358.87180330882,1.0281887051850596,False,
raw,E100,168.72834115760037,752.067602610774,0.5220344059548895,19793.99271218696,1.0458256274032856,False,
raw,E101,173.58656181297474,648.8281783281109,0.8488970451272387,16959.25896914406,1.0078010515469389,False,
raw,E102,146.96203604278074,657.5755848219005,0.8626162211212021,21254.356465573925,0.9980714422897617,False,
raw,E103,14848.99619194518,93395.36684648476,-0.10041899076092069,29979.477774547307,1.060507929189465,True,variance_outlier;peak_to_peak_outlier;low_correlation
raw,E104,43.105285184704556,297.77305264887127,-0.03378663370694947,1165.6227490147157,1.1687354859862573,True,variance_outlier;low_correlation
raw,E105,132.63488956514476,468.27828600666726,-0.721676979110867,46936.099416761,1.0028806448447531,True,low_correlation
raw,E106,121.62739703004641,466.68308506758194,0.8111121537103999,53551.75634080442,1.007003641434202,False,
raw,E107,287.4885236854717,1512.9509445637323,0.603022169024323,17622.752193738248,1.0753583022698723,True,variance_outlier
raw,E108,178.650991772679,938.3765204453612,0.29265861216152894,7377.925557439081,1.0321774228243783,True,low_correlation
raw,E109,127.9088890045455,701.2021764421643,0.47308944412387033,7021.328449742075,1.0347841241123972,False,
raw,E110,85.8496883016513,395.482493614526,0.43818311151201034,7296.284728625676,1.0209366614816406,True,variance_outlier
raw,E111,32.070076686508116,199.98507573410097,0.26951604770523185,2034.2277154297083,0.9831752132173446,True,variance_outlier;low_correlation
raw,E112,159.4499488991974,593.8838681604857,0.863495031776417,54848.19884837951,1.0106163360510307,False,
raw,E113,202.260866656992,835.3289746227147,0.7729568802756632,20853.047416935475,1.034828356262803,False,
raw,E114,185.00587603622827,843.1506521563988,0.8106309196934561,20099.87540752705,1.0126666302094618,False,
raw,E115,176.94692818169992,920.7103671254808,0.29807709456832465,6580.4563132311,1.078206834527977,True,low_correlation
raw,E116,143.6485314626179,756.060358264258,0.5357289656502482,5350.311722310584,1.0279405266434891,False,
raw,E117,128.85002510402043,664.5247077715885,0.635358466648939,10047.224089427025,1.0112008752780672,False,
raw,E118,162.8447619961114,598.9359138467771,0.8499155424465791,42433.97717388483,1.0051914456667477,False,
raw,E119,230.0682428664924,1189.6409048462065,0.559669534472097,16461.938170007867,1.1342476318924666,False,
raw,E120,182.56080285350652,771.2910898860364,0.8083731819507003,21945.49895976967,1.0142892935711199,False,
raw,E121,178.07818698301944,761.2558127584107,0.8204333140245306,19755.266798142038,1.0166949881069556,False,
raw,E122,176.378330120746,725.8749924937874,0.7887939148010296,18252.447811623006,1.0024595232392859,False,
raw,E123,168.72741842929778,798.1810796254031,0.6315717021462764,19135.037007073857,1.014640617794658,False,
raw,E124,169.50427011464984,637.0425909818987,0.8159267388538836,32780.50713858031,1.006149271012131,False,
raw,E125,172.8085300344317,785.1366432048926,0.8114044894167697,16234.542906408333,1.034548735756997,False,
raw,E126,220.02422862990426,1189.3411994424478,0.5159564450496285,10138.244481578944,1.0603348502444283,False,
raw,E127,224.41076247961144,1028.1503946950243,0.20189756031250447,7228.039391802049,1.0458838667092578,True,low_correlation
raw,E128,214.7307532155599,906.0434837397661,0.6927183203366007,14000.815353855563,1.0239411242944232,False,
bandpass_0p5_45,E1,82.59931607753107,373.27101596856113,0.9632037374495703,11619.217530612956,1.0050064007420854,False,
bandpass_0p5_45,E2,98.04629949627895,522.8181590227955,0.9346414013512827,20226.75492756324,0.9918676124967337,False,
bandpass_0p5_45,E3,95.00178508551238,426.33954346589746,0.9515230963079856,19657.17591828862,0.9931835400420589,False,
bandpass_0p5_45,E4,93.57498370982941,402.0076044196554,0.9667077637089787,33558.27714067358,0.9979448067398915,False,
bandpass_0p5_45,E5,95.55324625525583,394.0382116330285,0.9714650097637774,50769.8259458779,0.9959870252177069,False,
bandpass_0p5_45,E6,80.52621195008709,332.26056440763523,0.9275929352377105,55364.719478719075,0.9985229521624361,False,
bandpass_0p5_45,E7,49.73492104572773,179.21209050047992,0.5852852195756325,39397.37301250457,1.000719818678997,True,variance_outlier;low_correlation
bandpass_0p5_45,E8,113.85577488769098,866.2351131831917,0.8048473430797617,14014.960238295662,1.0319469800743324,True,low_correlation
bandpass_0p5_45,E9,89.3555831240725,514.4943845501648,0.944093251709334,23900.818683866888,0.9962330348154794,False,
bandpass_0p5_45,E10,86.97522425956737,418.20755981807065,0.961479742774301,30213.43076148956,0.99511429503124,False,
bandpass_0p5_45,E11,91.50572438329229,432.42473829527864,0.96480283348582,45177.05256490249,0.9966711342298111,False,
bandpass_0p5_45,E12,97.29903247238289,365.44589736799855,0.9650612189433159,50798.38512578473,0.9994148520837163,False,
bandpass_0p5_45,E13,74.83087570885992,276.44684425739,0.9458085169407096,39350.031739393766,1.0071086736783648,False,
bandpass_0p5_45,E14,97.58179177476282,662.132507109063,0.9182969344477279,19273.73981061675,0.9920553268875338,False,
bandpass_0p5_45,E15,101.67924532468848,544.1012319663715,0.949495785321538,29552.64701025843,0.998218738213509,False,
bandpass_0p5_45,E16,94.9014819852775,467.0262317762173,0.9615223778440426,32710.684861607726,0.9969336030176555,False,
bandpass_0p5_45,E17,100.08641303001798,594.5438000990922,0.9485546589005136,16745.76464828055,1.0011508452594242,False,
bandpass_0p5_45,E18,104.70095911364852,459.1559032753944,0.9610426559015939,33238.27276900031,0.9977078279926129,False,
bandpass_0p5_45,E19,91.91266619070774,372.8874006560868,0.9741239605340176,40820.173839156574,0.99552086347767,False,
bandpass_0p5_45,E20,91.68879378853228,345.5377450462653,0.9755855132456984,34458.38561584824,1.0014805089381928,False,
bandpass_0p5_45,E21,100.34016991086706,673.2886159322198,0.9258363172666664,18101.270830056324,1.0109852663674332,False,
bandpass_0p5_45,E22,95.60473650098449,535.1210891989876,0.9540140100031635,22277.533222699152,1.0031051130087993,False,
bandpass_0p5_45,E23,70.64438720391936,348.40268323131517,0.9251150827173279,12665.05408669806,0.9963811941272238,False,
bandpass_0p5_45,E24,94.9295183758995,374.8820453033485,0.9684532549943624,22397.82359896113,1.0011562368123024,False,
bandpass_0p5_45,E25,105.96574506087566,792.460286672808,0.8572054856239064,14759.21157368258,1.045365631573679,True,low_correlation
bandpass_0p5_45,E26,104.735958514549,540.9369708287945,0.9591630488286831,16435.615634343692,0.9983125883977889,False,
bandpass_0p5_45,E27,98.88667718499372,396.0436292189176,0.9486940599049903,11934.781337621875,0.9970572177353311,False,
bandpass_0p5_45,E28,105.23053346914139,424.5620822243953,0.9571800325822566,12847.92279501721,0.9979463113507484,False,
bandpass_0p5_45,E29,86.52636103554669,289.6551354152716,0.9683870347847932,28695.863363762535,1.002868191687978,False,
bandpass_0p5_45,E30,79.09892980190605,271.9164436566911,0.9591630488286832,29392.395943907763,1.0053065479948662,False,
bandpass_0p5_45,E31,51.917281019089266,171.33907887065746,0.6725761238489606,34346.283081200454,0.9998354607972184,True,variance_outlier;low_correlation
bandpass_0p5_45,E32,91.93216858932055,411.4237075291963,0.964825254822835,7511.862418189603,0.991797668852892,False,
bandpass_0p5_45,E33,94.60973791024543,412.93301023791946,0.9652998213998583,8647.190439109756,0.9997868982074721,False,
bandpass_0p5_45,E34,100.6810954505062,520.5199515448792,0.9543393114742238,5122.90474555655,0.9963502077485124,False,
bandpass_0p5_45,E35,94.14674629322634,426.23015424975074,0.9515385979055105,14450.790901866652,1.0074219742118604,False,
bandpass_0p5_45,E36,91.16073867715345,396.48211919020974,0.9532361001704489,14905.213572256205,1.0029530617539872,False,
bandpass_0p5_45,E37,40.75056318461838,186.63627300553622,0.8785605053552132,8249.128196328222,1.0047793221313175,True,variance_outlier;low_correlation
bandpass_0p5_45,E38,105.66276250706768,449.8331188333594,0.9638238406995945,10838.829096576823,1.0050340166512046,False,
bandpass_0p5_45,E39,97.07023666824827,540.4132289235674,0.9638104473881774,3100.7147075645616,0.9920953659651885,False,
bandpass_0p5_45,E40,100.12522009073247,587.6282335565286,0.9610419333227602,2552.411916187282,0.9960591579914552,False,
bandpass_0p5_45,E41,84.43007016326634,363.5897106153341,0.9703299392858408,10754.145462166238,1.0095151743359423,False,
bandpass_0p5_45,E42,33.06670459692887,176.56524650850042,0.8446641909302195,3546.8757429520506,0.9841389564980062,True,variance_outlier;low_correlation
bandpass_0p5_45,E43,104.57262400355539,476.454984874032,0.9584363647222455,14113.249240801073,0.9967224702165636,False,
bandpass_0p5_45,E44,94.05303935286821,402.4401352613979,0.9688396540121207,10761.218156432744,0.9899793967116489,False,
bandpass_0p5_45,E45,96.85816162149737,521.6511530615971,0.9495627899013183,2106.9616435970233,0.9984420297043204,False,
bandpass_0p5_45,E46,94.31578429817235,454.3941636498773,0.9592135539939313,3426.735815873865,0.9934227278403567,False,
bandpass_0p5_45,E47,88.18046154806524,324.90067531370073,0.96836511788234,19478.24907162385,1.0037944355289412,False,
bandpass_0p5_45,E48,113.26462217912287,534.0182531905111,0.9451527659383371,11539.449450586892,1.0120028765909805,False,
bandpass_0p5_45,E49,102.08674994208491,440.16965372706295,0.960528808851191,14321.980001308872,0.9948796567141187,False,
bandpass_0p5_45,E50,313.76641814245886,2063.139688974388,0.44785756318209907,1103.0261085214513,1.0349650631165157,True,variance_outlier;peak_to_peak_outlier;low_correlation
bandpass_0p5_45,E51,81.50437839781578,318.79668315988624,0.9364327743531405,17021.215517324465,0.9946081441596778,False,
bandpass_0p5_45,E52,92.95089910157398,357.12953721227495,0.9667342387668423,20642.01478594326,0.9950404654926127,False,
bandpass_0p5_45,E53,24.50736952792692,144.63139571725998,0.34595228648135784,3148.283825162221,0.9921766808156857,True,variance_outlier;low_correlation
bandpass_0p5_45,E54,182.90771907737877,584.809421839087,-0.918573295034867,81214.39120686059,0.9996975653029505,True,variance_outlier;low_correlation
bandpass_0p5_45,E55,72.40261400111493,248.04304124635394,-0.9009272827188409,71727.45647652516,0.9987064585044553,True,low_correlation
bandpass_0p5_45,E56,120.62556663265282,775.8075822490077,0.8721364928437272,17847.17062774045,0.9916160202337851,True,low_correlation
bandpass_0p5_45,E57,97.6719084949491,408.3739710211512,0.9621520066074899,13023.114035631424,0.9974153443195359,False,
bandpass_0p5_45,E58,98.22820248331129,387.0083711424095,0.9695360065946893,13641.106989374479,0.9962997164400024,False,
bandpass_0p5_45,E59,90.07081229069327,344.84537236780795,0.9529555303370071,18979.974826369893,1.0048006683438904,False,
bandpass_0p5_45,E60,64.79937638441042,261.5216706691444,0.8553293454142092,16529.0940335703,1.0042748389385574,True,low_correlation
bandpass_0p5_45,E61,34.404240789840806,167.392793809255,0.7538536079885436,9955.27285867625,1.0111881697800922,True,variance_outlier;low_correlation
bandpass_0p5_45,E62,77.20580611848189,295.9516510948975,0.9520154582833609,43789.3245533283,1.0002643804880615,False,
bandpass_0p5_45,E63,110.54595058275866,547.7066553770362,0.9309171607459916,20055.6792642182,0.985206145203173,False,
bandpass_0p5_45,E64,105.5354191856517,452.799915213584,0.9668938600011677,19765.37555108635,1.0078261461395368,False,
bandpass_0p5_45,E65,102.65894380440177,392.2044306947971,0.9721183386911263,27733.435224473942,0.9949479692525303,False,
bandpass_0p5_45,E66,99.92385640447172,376.3091175374532,0.9659613097105747,28321.21696999603,0.9946606038709396,False,
bandpass_0p5_45,E67,91.90699883175375,350.2164721564063,0.9670208344019895,39613.56662379051,1.0039172603397157,False,
bandpass_0p5_45,E68,115.51515281944131,580.9064076870508,0.9310131508315292,21397.355007120772,1.0108604866533348,False,
bandpass_0p5_45,E69,107.42913421555653,451.6608327186797,0.9567338683475147,14011.144106241225,1.0014092837424813,False,
bandpass_0p5_45,E70,106.79115400393937,414.59509520592655,0.9700258382756103,34926.31122136363,1.0046897213279469,False,
bandpass_0p5_45,E71,98.1498603275585,377.78110248138285,0.9611109078910944,44816.77338001558,1.006176470172661,False,
bandpass_0p5_45,E72,98.70218782928563,374.2145041351802,0.9658955610740814,49220.68111908409,1.0060818879203588,False,
bandpass_0p5_45,E73,70.02043778862559,390.3924535650696,0.9173547361537348,6599.165128280262,1.0128265488917623,False,
bandpass_0p5_45,E74,99.54847558867304,401.4822749820273,0.9653133426199612,14082.162429867045,0.9984112534760321,False,
bandpass_0p5_45,E75,90.42496410232542,363.9134794503929,0.967470107296536,34778.84352842826,1.0029291991986566,False,
bandpass_0p5_45,E76,91.39763594894403,358.1285956642876,0.9464322234738922,41302.491037077285,1.0036670402846577,False,
bandpass_0p5_45,E77,92.24318139849599,352.76128304627,0.9387298184143118,45352.17494484292,1.0002559319703663,False,
bandpass_0p5_45,E78,57.600635095167696,230.2095546674056,0.9054962880587245,30538.43925902355,0.9949071718978235,True,variance_outlier
bandpass_0p5_45,E79,198.33801745078742,618.131860243222,-0.9479631983859185,104453.71242878318,1.0048248957481596,True,variance_outlier;low_correlation
bandpass_0p5_45,E80,176.20044410322214,529.0300921526913,-0.9320625698599643,93708.61675839016,1.0006291033441663,True,variance_outlier;low_correlation
bandpass_0p5_45,E81,100.9440737096801,400.89418578359476,0.9600856865290837,15749.870870173818,1.0058697760805553,False,
bandpass_0p5_45,E82,96.94095750097364,392.6432110150573,0.9688027676127736,19017.084713015553,1.0013728196365235,False,
bandpass_0p5_45,E83,97.34291744468912,378.0519318604174,0.9584894182895174,37115.17667255436,1.005466713126578,False,
bandpass_0p5_45,E84,99.19264275985033,375.09074349894763,0.9650713122999479,39882.487026458584,1.0027336915313818,False,
bandpass_0p5_45,E85,88.05152067205901,322.24444398600235,0.9684954185481656,33878.68859809124,1.0023702916736912,False,
bandpass_0p5_45,E86,77.74496861793537,294.8641328234659,0.9596059803096574,25720.673228198903,1.000193020655052,False,
bandpass_0p5_45,E87,160.12185042706682,492.0116299066838,-0.9275059583197418,81063.16753854752,1.0032549555490626,True,variance_outlier;low_correlation
bandpass_0p5_45,E88,94.0706527711804,442.4076583298257,0.9663791050301922,19016.917147171185,1.0021464092891175,False,
bandpass_0p5_45,E89,97.20498710699668,391.4893774253878,0.9693134046281614,24932.3787659867,1.002440199018659,False,
bandpass_0p5_45,E90,95.53659221444785,372.5586343984326,0.9702999208692117,29603.49110563649,1.0047735006600955,False,
bandpass_0p5_45,E91,88.70377432254622,334.74615057281835,0.9680679454090436,27144.84986897993,1.0038594620670664,False,
bandpass_0p5_45,E92,87.73722281822901,336.7250811509446,0.9609317945757074,23025.753336046368,0.9986600827006574,False,
bandpass_0p5_45,E93,82.13362066184243,309.62490903549974,0.9682063923435804,16959.727835283888,0.995958868081656,False,
bandpass_0p5_45,E94,100.22062000569473,448.69014444985254,0.9569378634224431,19901.40320945908,0.9996684548619881,False,
bandpass_0p5_45,E95,95.93429393414439,387.88151884764505,0.9680374174445757,21565.948779998478,0.9987677453668911,False,
bandpass_0p5_45,E96,90.10657820883785,358.7908337485745,0.9688364754209497,19931.814351064426,1.0044265822073648,False,
bandpass_0p5_45,E97,98.58629579983231,400.9127321632927,0.9724672292560974,16224.634578794483,0.9997965828208709,False,
bandpass_0p5_45,E98,88.66621958681944,363.847603761215,0.9734846559568342,16523.390436984853,0.99675967104526,False,
bandpass_0p5_45,E99,85.60488788066087,543.0026390175826,0.936139205182798,14305.716194543451,0.9864225550337167,False,
bandpass_0p5_45,E100,96.04795161612755,420.0982526620502,0.9519939375484677,16665.520264827035,1.0009231231435969,False,
bandpass_0p5_45,E101,101.40705683016482,391.89129491334825,0.9713628896057109,14719.833826198665,1.001672098802009,False,
bandpass_0p5_45,E102,86.72838667991714,349.29012560466913,0.9710585445675004,17285.019979318604,0.9963698694185374,False,
bandpass_0p5_45,E103,5914.459781308125,45412.7220905086,-0.12618547168953806,21617.822817535696,0.8475399063656481,True,variance_outlier;peak_to_peak_outlier;low_correlation
bandpass_0p5_45,E104,19.94463142721241,198.45284004936283,-0.42995012090078744,1003.142466389948,1.0055872439881348,True,variance_outlier;low_correlation
bandpass_0p5_45,E105,78.47181731179298,296.6007002135241,-0.9246047200309891,45559.78201966543,1.0054967823061032,True,low_correlation
bandpass_0p5_45,E106,70.08025773643205,228.877339834078,0.9659995635235807,46554.3965682253,1.0030941786311327,False,
bandpass_0p5_45,E107,113.06840583935194,647.3858370367523,0.9491179546987406,13505.286520379783,0.9911285421227499,False,
bandpass_0p5_45,E108,103.91822331487336,670.1518909503186,0.8257809092182814,6563.379986117216,0.9983182208976551,True,low_correlation
bandpass_0p5_45,E109,75.14289337130084,379.92349183642466,0.893852362394538,5616.4198521170465,0.9992697105852906,True,low_correlation
bandpass_0p5_45,E110,45.20359722517912,226.50122981056597,0.725218948343771,6017.93051893934,1.0038490472572885,True,variance_outlier;low_correlation
bandpass_0p5_45,E111,18.026489274480465,108.18981328898217,0.43395525315243766,1677.8506956670253,1.001125640688128,True,variance_outlier;low_correlation
bandpass_0p5_45,E112,93.23199606712565,343.0832934430516,0.9700430378383947,47796.755079430135,0.9999862143929262,False,
bandpass_0p5_45,E113,112.36719373849694,505.4976052185672,0.966710341965121,17110.492821574397,1.0046771572586064,False,
bandpass_0p5_45,E114,105.60840844026706,546.3383224476224,0.9632623173976782,17222.4911888568,0.9983774794902067,False,
bandpass_0p5_45,E115,98.18906892588308,544.1062701814584,0.888531875061193,5281.641249404242,0.992326529308312,True,low_correlation
bandpass_0p5_45,E116,83.41618465549678,414.21518486084886,0.8961866489275184,4178.9700347297,1.0003342792286127,True,low_correlation
bandpass_0p5_45,E117,75.2657474895112,355.2643660406661,0.9392453138431524,8478.90672954199,0.997657199100984,False,
bandpass_0p5_45,E118,95.25141660864804,360.2953687217554,0.9707286374915578,37210.9928317174,1.0000195423621543,False,
bandpass_0p5_45,E119,102.29164518674551,599.8541775426575,0.9387298184143117,13538.315025000611,0.978459431171783,False,
bandpass_0p5_45,E120,106.06238341866849,437.92941776719704,0.9708463511757434,17922.423951591034,1.0024035495491694,False,
bandpass_0p5_45,E121,103.41603457257595,432.5466045012323,0.9699229109369701,16826.163933923865,1.0004473429502472,False,
bandpass_0p5_45,E122,103.19166441857607,486.45235775064566,0.9531572334428452,15539.472137789435,0.9968176670578444,False,
bandpass_0p5_45,E123,97.52037585585433,453.76177318673535,0.9350233681211645,15085.916281773294,0.9921638332258966,False,
bandpass_0p5_45,E124,99.58260683183093,396.02746059856884,0.9665166637538958,27451.351311288585,0.9969627899941682,False,
bandpass_0p5_45,E125,102.00502075121007,440.15929079071856,0.9679079526716512,13375.841877681794,1.0172931657149686,False,
bandpass_0p5_45,E126,105.4996158242683,594.9121163735381,0.9488579928911625,7193.730989738682,0.998755735666175,False,
bandpass_0p5_45,E127,115.77835025123788,584.1898725072026,0.681153793929153,5952.271505700736,1.007687416417902,True,low_correlation
bandpass_0p5_45,E128,103.62562944584732,591.6608325208742,0.9435363610232443,11569.482845744338,0.9999895906981453,False,
notch50_bandpass_0p5_45,E1,16.18985367178847,154.43890992189236,0.27023962342383356,0.7141432203190555,1.1610480147218876,False,
notch50_bandpass_0p5_45,E2,23.523759533619916,320.68739630255413,0.14656512546049488,0.9520196026844554,0.8214275749325033,False,
notch50_bandpass_0p5_45,E3,16.52552362126445,198.8630223956517,0.168743399135628,0.9690439701364226,0.9445990147084887,False,
notch50_bandpass_0p5_45,E4,12.959082408026097,197.91487745586832,0.17802870286545874,1.1749387533149427,0.9354423709184908,False,
notch50_bandpass_0p5_45,E5,11.794180661623013,152.77590512014666,0.05295791462399701,1.7012242145626149,1.082315752820289,False,
notch50_bandpass_0p5_45,E6,8.570341760114156,119.36328798224517,0.09453829928413844,1.8837625616127809,1.01156260534954,False,
notch50_bandpass_0p5_45,E7,3.6535790216712747,45.591866833209444,0.12136713817677729,1.7529163901735374,0.9750680488235832,False,
notch50_bandpass_0p5_45,E8,47.53215020322747,660.0975519914791,-0.07280043615655528,0.7140580315587649,1.2979310295931625,False,
notch50_bandpass_0p5_45,E9,25.193538477485586,308.27503262020804,0.03967090912206098,0.9724420840526511,1.089572386626109,False,
notch50_bandpass_0p5_45,E10,16.15242518369035,202.61232086110783,0.13175981560264333,1.1459187806083395,1.150922216602684,False,
notch50_bandpass_0p5_45,E11,15.26678350730906,190.70423190910404,0.1046389037796443,1.5896391853858436,1.0014142020848011,False,
notch50_bandpass_0p5_45,E12,8.369031821517611,105.54727395102185,0.09927982246385858,1.983548551745008,1.0955357101044678,False,
notch50_bandpass_0p5_45,E13,5.923803191561461,85.3242066513088,0.14411810907395325,1.7793119629044933,0.9629535507997546,False,
notch50_bandpass_0p5_45,E14,33.45730675521444,425.7463701233973,-0.025325705093624192,0.8159677554012211,1.3326345513880804,False,
notch50_bandpass_0p5_45,E15,23.893875714141984,294.63460435992704,0.06716008334763922,1.1936909236155184,1.0163723004207343,False,
notch50_bandpass_0p5_45,E16,18.961473233868734,238.33400352992112,0.06571776069208095,1.300126855027209,1.1357366429055995,False,
notch50_bandpass_0p5_45,E17,24.32529091237619,354.7551959991238,0.009797573336999914,0.7493753598139612,1.3230046798008395,False,
notch50_bandpass_0p5_45,E18,16.57170348744798,213.90181252467085,0.13493799959671435,1.3297688829413898,1.1178095445999017,False,
notch50_bandpass_0p5_45,E19,10.650003483351677,129.57629987259241,0.10616016754687335,1.5176940617886667,1.2889733881627756,False,
notch50_bandpass_0p5_45,E20,7.876256808769203,110.63060328416152,0.22678187949059,1.2692445498489624,1.0416000440437951,False,
notch50_bandpass_0p5_45,E21,27.95552603070593,419.36655831614786,-0.042013310130830026,0.8870915282569614,1.4940153634854056,False,
notch50_bandpass_0p5_45,E22,21.177719657370364,306.94733152016533,-0.00014116494363896609,0.9919902610140241,1.4305724605742975,False,
notch50_bandpass_0p5_45,E23,13.81691351775784,175.78033586262728,0.18324192168916875,0.8691290103841127,1.1134348733383088,False,
notch50_bandpass_0p5_45,E24,9.65434549588004,134.96552334346313,0.2516119726010216,1.0041921025502059,1.1450456081544234,False,
notch50_bandpass_0p5_45,E25,40.51789424544083,629.5229792813611,-0.08362504760600899,0.8622827966401562,1.5773620849210532,False,
notch50_bandpass_0p5_45,E26,20.950250200364746,251.09094547270877,0.05774048365133887,0.8181753285547251,1.2215741000035276,False,
notch50_bandpass_0p5_45,E27,12.628161388894265,158.86648331711646,0.16335414268758458,0.8104555774070302,0.997301190131076,False,
notch50_bandpass_0p5_45,E28,13.953957050050589,167.22924449527946,0.13258784317963593,0.7038327469552514,0.9382197645108229,False,
notch50_bandpass_0p5_45,E29,7.486915746245123,86.41304785475211,0.13403561909921402,1.2829275480188576,0.979668175658446,False,
notch50_bandpass_0p5_45,E30,5.542161427905479,89.0652183135477,0.13397872211479708,1.4033393405193237,0.9897687272217569,False,
notch50_bandpass_0p5_45,E31,4.217000188810999,51.57348034103657,0.19348117571243298,1.7932930543123895,1.086448913786072,False,
notch50_bandpass_0p5_45,E32,18.884316386073294,199.19670402827364,0.20194360962378632,0.5628289811957753,1.0128319402436576,False,
notch50_bandpass_0p5_45,E33,14.031410132525876,192.6806272544825,0.2520311391463051,0.708910919673171,1.000295647155398,False,
notch50_bandpass_0p5_45,E34,18.713169291991875,285.7491077487212,0.17174854313384413,0.5957175552700323,0.9240566087931763,False,
notch50_bandpass_0p5_45,E35,19.941248678444083,173.7754553689515,0.10249103584582606,0.9662046395231731,0.8626105884116236,False,
notch50_bandpass_0p5_45,E36,15.436156279898219,133.37359953026152,0.06378648861414685,1.0032917008153572,0.8652955392773785,False,
notch50_bandpass_0p5_45,E37,7.059766220620133,86.92290149701272,0.1345100891561104,0.7700365886446062,1.014025216176959,False,
notch50_bandpass_0p5_45,E38,16.271577617410696,206.08877683713524,0.21849008220709706,0.7818428697122274,1.0825190525351434,False,
notch50_bandpass_0p5_45,E39,17.640153580793967,320.0601442896452,0.24437642999139256,0.5152755970750937,1.0413770098211168,False,
notch50_bandpass_0p5_45,E40,18.889570563008437,313.07234141848653,0.2518540088445762,0.4869671635034577,0.9055912033557821,False,
notch50_bandpass_0p5_45,E41,12.05467926199653,160.7549499810953,0.1875048449936288,0.8313324422736119,1.0207744871444977,False,
notch50_bandpass_0p5_45,E42,8.994695798391827,112.90259177754027,0.31280633599374225,0.7730227289967969,0.8442669572005586,False,
notch50_bandpass_0p5_45,E43,17.27954456862301,205.57455347680423,0.2573994733108393,0.7314271961222816,1.0769360990890742,False,
notch50_bandpass_0p5_45,E44,15.739647661312693,213.0455890435613,0.3225958026104719,0.6940185844020204,1.0816539937004894,False,
notch50_bandpass_0p5_45,E45,17.744886918975,342.981740001052,0.27265895100781534,0.38475915215652406,0.9657542917604391,False,
notch50_bandpass_0p5_45,E46,16.424749393745547,278.1621535743178,0.28823809835041425,0.5607388082400263,0.9584007292192225,False,
notch50_bandpass_0p5_45,E47,11.353915604388522,122.18378822433317,0.3010001514984706,0.9528131559566425,0.9505011764960202,False,
notch50_bandpass_0p5_45,E48,18.684666725502375,244.23891459217595,0.18681532339833068,0.6958021339892043,1.2666624667861837,False,
notch50_bandpass_0p5_45,E49,14.981570938585497,172.41346115813622,0.30252193113958614,0.6965844828298837,1.0232779724109204,False,
notch50_bandpass_0p5_45,E50,166.10151989370155,1384.6131616035777,0.03897511264903497,0.5380960814821618,1.0308557305776427,True,variance_outlier;peak_to_peak_outlier
notch50_bandpass_0p5_45,E51,10.734296736876829,116.15659084881452,0.2831469554915973,0.8149671997090051,1.0015407095684525,False,
notch50_bandpass_0p5_45,E52,9.980320841540452,122.56303518230243,0.23809888577998678,0.9199575209866732,1.0296564086504298,False,
notch50_bandpass_0p5_45,E53,8.26015150305975,103.53205899842939,0.25084890070495713,0.884844871627632,0.9687186932582315,False,
notch50_bandpass_0p5_45,E54,7.0063796769880335,83.14454660082018,0.08924000716737629,2.5124516829077392,0.9374201952900506,False,
notch50_bandpass_0p5_45,E55,3.375978071581568,36.84564739373044,0.19053243470420161,2.4766579839676237,1.058164026265282,False,
notch50_bandpass_0p5_45,E56,42.62694602278209,562.0552623500978,0.1136256002462073,0.7832349865978752,0.7442773682534263,False,
notch50_bandpass_0p5_45,E57,14.764479274409839,175.16448709416878,0.3129025156221333,0.688328411798123,1.0841612017579938,False,
notch50_bandpass_0p5_45,E58,12.513440284249773,130.94085638406744,0.315067226622632,0.7708477538255095,1.0932754211557225,False,
notch50_bandpass_0p5_45,E59,10.871565767769624,119.47229905673154,0.2748854045075987,1.0104881236462522,1.0344186565621016,False,
notch50_bandpass_0p5_45,E60,9.413322215995443,116.2296615506833,0.2769084187579206,0.964940089966485,1.02750657272126,False,
notch50_bandpass_0p5_45,E61,7.949290432935696,88.35286852143099,0.256484310785109,0.9417157491826146,1.0135622385573242,False,
notch50_bandpass_0p5_45,E62,9.133611212080833,95.43935022808095,0.20180688227033386,1.5698490515153698,1.0138922679795042,False,
notch50_bandpass_0p5_45,E63,27.915777118953006,269.20037229224454,0.2282630287872746,0.8534778959389895,1.0878705863268132,False,
notch50_bandpass_0p5_45,E64,15.826413070366172,171.23814119954085,0.3246713146499992,0.8268224976024479,1.0839334823890003,False,
notch50_bandpass_0p5_45,E65,12.445558891268494,125.08453801814676,0.3560723749037701,1.2130017817240406,1.152890681758624,False,
notch50_bandpass_0p5_45,E66,11.381984877485367,109.34532714436088,0.2419518763618845,1.6507421672138105,1.0288875464507603,False,
notch50_bandpass_0p5_45,E67,10.09765301666156,109.70489258058934,0.23942710639572878,1.3786257723248956,1.1505353917366776,False,
notch50_bandpass_0p5_45,E68,22.79634346485677,296.88637426596745,0.17742530576892038,0.9604240926971627,1.20883880830871,False,
notch50_bandpass_0p5_45,E69,15.74703055369664,166.93831973928332,0.32746099188707856,0.792089301196717,1.2359072147691041,False,
notch50_bandpass_0p5_45,E70,12.461782807153066,142.45607575512304,0.22981441930026728,1.379344471807404,1.0778325586817004,False,
notch50_bandpass_0p5_45,E71,12.021965421153192,119.8780986876109,0.17112638079039852,1.6006906932149332,1.0594391527397982,False,
notch50_bandpass_0p5_45,E72,11.388356535578692,109.75503424947418,0.20396161946057698,1.6380886866317599,1.0387515016205786,False,
notch50_bandpass_0p5_45,E73,20.068873502421866,218.59977262247853,0.2674545214128848,0.6994988239859844,1.0918073918623286,False,
notch50_bandpass_0p5_45,E74,13.604578660312628,152.73965033698252,0.22495837104832586,0.6770414268809634,1.1081198973087587,False,
notch50_bandpass_0p5_45,E75,12.516588733760027,133.82578654181634,0.3005278403327367,1.2394567154464395,1.0418555696128415,False,
notch50_bandpass_0p5_45,E76,11.872953409125529,121.88975552856732,0.14039010312831143,1.3505201969435638,1.0164063850518232,False,
notch50_bandpass_0p5_45,E77,10.879268179419038,108.91271460475554,0.11668984812385018,1.5016310911305784,1.0623216581138106,False,
notch50_bandpass_0p5_45,E78,7.623745029194437,81.94514623096563,0.18909493534045746,1.1832893887646643,0.9976110481724085,False,
notch50_bandpass_0p5_45,E79,6.605323427581712,82.18740978666014,0.16358735234026914,2.6783366087211204,0.9470514464733509,False,
notch50_bandpass_0p5_45,E80,4.898008331503924,53.40486790515547,0.24712453867365886,2.8719842689326147,0.943983058753174,False,
notch50_bandpass_0p5_45,E81,17.78331893968577,194.99957805818732,0.2943850768248699,0.7108199674557556,1.2354749449987934,False,
notch50_bandpass_0p5_45,E82,13.788851848727612,132.5028687028551,0.32022759144612145,0.8727780301984637,1.1697895711844877,False,
notch50_bandpass_0p5_45,E83,13.233826354659367,128.92999508534854,0.14737251345789815,1.2322082563038512,1.141055096287726,False,
notch50_bandpass_0p5_45,E84,12.26040930402324,124.75561521779414,0.1374019414589265,1.3206312488077039,1.1347915003636146,False,
notch50_bandpass_0p5_45,E85,9.901537983844484,103.35210446391464,0.23652446612621456,1.2362345159259382,1.0220786313582277,False,
notch50_bandpass_0p5_45,E86,8.338271795508046,82.42143817969362,0.20855008066259048,1.0702448243806293,1.1615877085986237,False,
notch50_bandpass_0p5_45,E87,5.760269712621897,62.91482539010314,0.2508118804714971,2.2799933409639985,0.9991925548368397,False,
notch50_bandpass_0p5_45,E88,15.960265285739196,194.27141556024384,0.3703128377438195,0.791832637516705,1.1432570772596595,False,
notch50_bandpass_0p5_45,E89,13.514388133494382,142.54955291694884,0.3774455623810394,1.0804816998525997,1.210106032918308,False,
notch50_bandpass_0p5_45,E90,11.876895993628676,129.6233105830098,0.3082872028352283,1.081672910233205,1.1841765683259877,False,
notch50_bandpass_0p5_45,E91,10.903173856183148,117.25695912700104,0.24453606297708497,1.1140571560249906,1.1161605015744496,False,
notch50_bandpass_0p5_45,E92,8.6911235916078,103.34211837431293,0.28666338098612043,0.9729687515990657,1.1608070982622316,False,
notch50_bandpass_0p5_45,E93,8.485507767958866,103.25019248265005,0.30922936697726444,0.8576237430640734,1.1178650680964566,False,
notch50_bandpass_0p5_45,E94,19.710125023881307,219.6786922370925,0.30606222375122083,0.8733589176387304,1.264642042515797,False,
notch50_bandpass_0p5_45,E95,16.390132267346633,169.95156229615094,0.3576240413964407,0.8990166834765368,1.133745054602685,False,
notch50_bandpass_0p5_45,E96,14.01379898600787,197.02827167076282,0.3251297345277428,1.074337420479103,1.144342825709464,False,
notch50_bandpass_0p5_45,E97,10.21311541955647,164.57184698172026,0.2688128337143738,0.832641094757992,1.1254786807576251,False,
notch50_bandpass_0p5_45,E98,9.685982296697398,125.22413787114345,0.3539069147614157,0.8164291003891518,1.1377913665945023,False,
notch50_bandpass_0p5_45,E99,22.606248453154734,323.1043046481377,0.22886098049932907,0.7475737056860146,1.1650872903164158,False,
notch50_bandpass_0p5_45,E100,17.54614234314971,211.01606784716734,0.320385860500745,0.7989901912651843,1.170050554401655,False,
notch50_bandpass_0p5_45,E101,12.883641118572418,137.31549505630497,0.3574472902921707,0.7360403275326712,1.065167853096691,False,
notch50_bandpass_0p5_45,E102,9.853703710469997,117.82737926295772,0.33095112491179146,0.9143847709779236,1.1490747496089193,False,
notch50_bandpass_0p5_45,E103,5518.149725659665,40195.663281203946,0.008303855479074852,1.0041165720724012,0.7641784035613866,True,variance_outlier;peak_to_peak_outlier
notch50_bandpass_0p5_45,E104,8.191105594542512,124.07085159625092,0.19446105846432638,0.757090069448556,1.0631780816755425,False,
notch50_bandpass_0p5_45,E105,5.406706628874753,80.88753807536767,0.271349080239136,1.8316838297047537,1.0136243878906126,False,
notch50_bandpass_0p5_45,E106,4.878298935394296,55.439997210745304,0.12573718685769927,1.6558429573350577,1.0321643219889867,False,
notch50_bandpass_0p5_45,E107,25.518632121873324,335.26318762961864,0.24453606297708497,0.7546022140260151,0.8824594042734212,False,
notch50_bandpass_0p5_45,E108,25.466648598765158,379.3385224489235,0.1220770506751832,0.5981256475914438,0.9557159826971581,False,
notch50_bandpass_0p5_45,E109,14.757283966276317,234.6297836744965,0.18134791045484636,0.5161927327504304,1.0225312868653718,False,
notch50_bandpass_0p5_45,E110,10.421640257917621,154.71611421206327,0.2140467340777797,0.6373435541592277,1.012432207650139,False,
notch50_bandpass_0p5_45,E111,6.027826209915093,72.69890097305063,0.21563364326280557,0.7401018635121336,0.9654793906312272,False,
notch50_bandpass_0p5_45,E112,10.40993187367736,142.22869666019798,0.1994302370332314,1.5826879367565294,0.8389356729028228,False,
notch50_bandpass_0p5_45,E113,18.488481338863956,308.24414082996344,0.26954650305784633,1.9109509487680225,1.1376056218696893,False,
notch50_bandpass_0p5_45,E114,16.454764436013534,269.54789553604945,0.3087890986954314,0.8107922056396407,1.0308481796880486,False,
notch50_bandpass_0p5_45,E115,18.521425082464532,303.9554968577869,0.12155955066011141,0.6108031253747265,1.0261043990868033,False,
notch50_bandpass_0p5_45,E116,14.215667082652745,239.34805533548968,0.13136636099450238,0.5909394285924876,0.9855967895912862,False,
notch50_bandpass_0p5_45,E117,11.042352789655526,154.31791761410165,0.163201120522865,0.6421634102824325,1.053000051802119,False,
notch50_bandpass_0p5_45,E118,10.396901957920997,136.31746553720026,0.22444045129528256,1.206347463954494,0.9523069386637918,False,
notch50_bandpass_0p5_45,E119,23.632123595424673,379.06292932779195,0.1576870273670001,0.9150263629130425,0.8245122837490517,False,
notch50_bandpass_0p5_45,E120,14.561522637015049,162.32788377353347,0.28723529180079876,0.7882629656357113,1.1716426747649922,False,
notch50_bandpass_0p5_45,E121,14.442246695986446,160.00901227368905,0.29221098153467473,0.7971554486035579,1.1871775693040438,False,
notch50_bandpass_0p5_45,E122,16.133957266522486,299.50586676718876,0.18017371333725674,0.7141802083832316,1.0650617959439193,False,
notch50_bandpass_0p5_45,E123,21.29407068518654,201.1770478679689,0.12783507244592268,0.730535131122933,0.8457591534411274,False,
notch50_bandpass_0p5_45,E124,14.803400528168556,178.43001443777555,0.24482022484807056,1.01970475943045,1.0200051543840503,False,
notch50_bandpass_0p5_45,E125,16.470603548355694,178.96558955162294,0.2816013486909381,0.7017183580063621,1.2606426521727796,False,
notch50_bandpass_0p5_45,E126,25.979561928604802,356.96101681588544,0.21540830568370273,0.554583622568314,1.1780754781477634,False,
notch50_bandpass_0p5_45,E127,22.162494052561204,283.28466359928836,0.016920116994775844,0.6852715243089373,1.2813009029341451,False,
notch50_bandpass_0p5_45,E128,22.637240333392914,338.04615839644777,0.17175572712759837,0.6276763430493687,1.0382354420545614,False,
bandpass_0p5_40,E1,15.944882754326954,157.79362530454924,0.2663334925418047,2.6246762384433526,1.1611605421748532,False,
bandpass_0p5_40,E2,23.495436135139087,321.7122905358377,0.14532376812440015,5.135216172555912,0.8212496779283794,False,
bandpass_0p5_40,E3,16.429773024927897,195.87618415935776,0.17214504591428992,5.034881251551486,0.9507294798318182,False,
bandpass_0p5_40,E4,12.883296587079448,194.15880246125923,0.1772637009434537,9.65646487673024,0.9418542020083039,False,
bandpass_0p5_40,E5,11.692849496052848,152.5871878393451,0.035837133153533283,17.763657168401725,1.0847578520724996,False,
bandpass_0p5_40,E6,8.552591921342708,110.21008164791493,0.0831677940487177,23.71302456254837,1.011463453950691,False,
bandpass_0p5_40,E7,3.6204751390904644,44.056273916101524,0.10444297629182604,14.100212219050743,0.9758718116225119,False,
bandpass_0p5_40,E8,47.463466728635986,662.9780878244757,-0.0744117787092673,3.486361459137469,1.2954685761100782,False,
bandpass_0p5_40,E9,25.157116182035626,303.81294058689514,0.034318264916366144,6.523187008598138,1.0898904136105245,False,
bandpass_0p5_40,E10,16.067582686459044,198.60996227397652,0.12873343835957368,8.965793745570966,1.1525583983368675,False,
bandpass_0p5_40,E11,15.23888151204561,190.06383620974188,0.10107781146718291,15.775221148718517,1.0017647720221698,False,
bandpass_0p5_40,E12,8.285874417469195,103.60392761466917,0.0861398698417703,22.281943452836654,1.0969348545538364,False,
bandpass_0p5_40,E13,5.870719689443879,83.2598665538451,0.13012939209109922,13.661022122225452,0.9604051633081001,False,
bandpass_0p5_40,E14,33.43055363157367,427.2664870818585,-0.032379646852978776,4.868308915475065,1.334374680045817,False,
bandpass_0p5_40,E15,23.86283780180574,295.23523581625795,0.06422365627058617,8.35502630564235,1.0171142351364602,False,
bandpass_0p5_40,E16,18.933786686183723,233.52280143979954,0.059829085918563875,10.091271928992786,1.14098485835326,False,
bandpass_0p5_40,E17,24.28707526065558,353.14857025879076,0.0032107706066250895,4.359045448553789,1.3254957354287276,False,
bandpass_0p5_40,E18,16.53903585157011,210.53770725107069,0.13590583252873728,10.028367277386746,1.1194478253425957,False,
bandpass_0p5_40,E19,10.619061333684567,128.9549103172947,0.09812432803454647,14.099562941242246,1.2964033197459903,False,
bandpass_0p5_40,E20,7.823253739795606,107.50073852420806,0.2247689972078479,10.295582304204661,1.0218741400884235,False,
bandpass_0p5_40,E21,27.876479782994867,414.6579346635493,-0.049567042790635736,4.6811435993260995,1.4962869642573087,False,
bandpass_0p5_40,E22,21.101237225268413,308.25046254850633,-0.003884512712116293,6.061067231104976,1.4334557692965628,False,
bandpass_0p5_40,E23,13.739108952717391,171.08941811958468,0.18150200025023197,3.7050482532478766,1.1205324694694738,False,
bandpass_0p5_40,E24,9.581543265043882,128.48754540127675,0.2478713218012598,6.009377400169756,1.147678965596868,False,
bandpass_0p5_40,E25,40.44034744223942,625.1532983339348,-0.08714469139358182,3.857195449694101,1.5785135171800735,False,
bandpass_0p5_40,E26,20.867258232807057,246.50562521229602,0.05192285207363307,3.995827675894134,1.2279011067826064,False,
bandpass_0p5_40,E27,12.249291446917493,152.8583469306199,0.1629658824511394,2.8880673138783037,0.9976376400189617,False,
bandpass_0p5_40,E28,13.56884160695539,157.82617918529237,0.1362946367776829,3.4998146702581634,0.9492696101206693,False,
bandpass_0p5_40,E29,7.30821997440015,84.85973393322013,0.13128088992920242,8.494022502798064,0.9819344472298501,False,
bandpass_0p5_40,E30,5.444927310969086,83.8418589205179,0.12903740773785152,9.207509071611458,0.9904488792420376,False,
bandpass_0p5_40,E31,4.1293893989518144,51.266574319820904,0.19270120834408427,14.6126061398779,1.092590041907301,False,
bandpass_0p5_40,E32,18.660890405110457,177.20635281291675,0.2000704223821736,1.7378932096695272,1.0133876362009557,False,
bandpass_0p5_40,E33,13.850883259483943,176.16878839147176,0.24163870522530667,2.077276170056844,1.0010904946844403,False,
bandpass_0p5_40,E34,18.182272127022177,277.89416239477924,0.16931357921491139,1.2738612477143678,0.9257707017483372,False,
bandpass_0p5_40,E35,19.833914573583684,172.7106630700544,0.09429242511503044,3.347667934287857,0.8527895972145701,False,
bandpass_0p5_40,E36,15.295633456419266,133.5742085126875,0.05837748728447344,3.2693630134404414,0.8661301338177754,False,
bandpass_0p5_40,E37,6.921716965581411,84.81248513398702,0.1349109587751351,1.896793586765978,1.0167407253234773,False,
bandpass_0p5_40,E38,16.187044625114325,189.43574798942382,0.21485564213566374,2.4714603999986817,1.0689903197870212,False,
bandpass_0p5_40,E39,16.977778830198282,292.1583850186994,0.24173922436259593,0.7119779377388766,1.062797356681542,False,
bandpass_0p5_40,E40,18.582577213395133,307.74202879837594,0.2507392087512957,0.5403253061647453,0.9165083828247066,False,
bandpass_0p5_40,E41,11.902597319992731,151.38724919349391,0.19326111264874443,2.315384069373262,1.022014299385019,False,
bandpass_0p5_40,E42,8.914275909337215,105.53302111279794,0.3153779622162068,0.789611231079068,0.8511577974071602,False,
bandpass_0p5_40,E43,17.182772818513655,198.35101099516737,0.2510835221647042,3.4056892131966814,1.0857511240988191,False,
bandpass_0p5_40,E44,15.623128233115905,208.76939044213094,0.3171376223947877,2.444269351359262,1.0891537083623801,False,
bandpass_0p5_40,E45,17.455371820269544,337.96379919722403,0.26641035925299195,0.500746878593863,0.9658221781611279,False,
bandpass_0p5_40,E46,15.440110765170653,275.1885169110078,0.28813325081133934,0.8111494277333996,0.975252607820194,False,
bandpass_0p5_40,E47,11.20348326249958,115.35450526075445,0.298867515071646,5.129180982108737,0.9539576181403834,False,
bandpass_0p5_40,E48,18.499206039002004,239.4539677075869,0.18596368616941358,2.611158501554832,1.3049817870526206,False,
bandpass_0p5_40,E49,14.873210504182886,166.02703095469315,0.30864450432765317,3.400081367069403,1.0233483939226045,False,
bandpass_0p5_40,E50,164.84936759623642,1395.5831729216834,0.03860043644274176,0.2611337294422577,1.0329927795315135,True,variance_outlier;peak_to_peak_outlier
bandpass_0p5_40,E51,10.54036653363589,114.38155199822052,0.26996706837317624,4.527607738552613,1.008231113769397,False,
bandpass_0p5_40,E52,9.93543246372672,119.33418259195723,0.23812394714642943,4.795717507564982,1.0393440662213183,False,
bandpass_0p5_40,E53,8.236633124855958,91.01466050951971,0.25306147944326823,0.7282640059055189,0.96854576913953,False,
bandpass_0p5_40,E54,6.832052818289305,74.32695932037825,0.10465006441387861,37.82932224048812,0.9395443654551957,False,
bandpass_0p5_40,E55,3.2708694432065437,34.86520773460305,0.20271505018993788,40.40749919698534,1.0533585687058633,False,
bandpass_0p5_40,E56,42.60115795896004,558.1970800648648,0.11472825158966198,4.334634592725523,0.74500792342652,False,
bandpass_0p5_40,E57,14.558890841873874,172.84003657083542,0.3082638953685717,2.9275690228395193,1.0935137083918656,False,
bandpass_0p5_40,E58,12.387804663868328,126.9979781579879,0.3192352441204592,3.91457815639,1.0988081162966201,False,
bandpass_0p5_40,E59,10.793985506695186,110.33533200071717,0.27739442010083304,5.022241097736329,1.037942823704031,False,
bandpass_0p5_40,E60,9.38475800013659,108.05455869257526,0.27569095549923595,3.9693060723218676,1.0420034330295196,False,
bandpass_0p5_40,E61,7.8697165344641995,81.97272181108868,0.2581581826572542,2.6234447008154307,1.0195416421209884,False,
bandpass_0p5_40,E62,8.886026403693178,91.10573141021962,0.19060505545785658,13.527425624464815,1.0159871714246576,False,
bandpass_0p5_40,E63,27.817353219224724,267.077652012538,0.22796600384152296,4.8029356408528985,1.090874184786806,False,
bandpass_0p5_40,E64,15.72643234760826,165.0311515524426,0.3180270478752233,5.04892338761673,1.087802246538649,False,
bandpass_0p5_40,E65,12.118135610876237,123.63905768545192,0.3563094422848687,8.639316481128986,1.160371013100048,False,
bandpass_0p5_40,E66,11.339344340740737,108.03745806417113,0.24453338589306384,10.59300556319358,1.0266363770180398,False,
bandpass_0p5_40,E67,10.039849863487428,109.37485411219865,0.23768930987144818,12.440847449177388,1.1551747326383675,False,
bandpass_0p5_40,E68,22.55400061045493,293.75343702877524,0.17814868913704632,6.003918186525785,1.2088583780606605,False,
bandpass_0p5_40,E69,15.198170674178337,166.3967311322781,0.3318672448101615,3.653690686543547,1.2369251570982918,False,
bandpass_0p5_40,E70,12.425712436889787,139.46117896171285,0.23133718939845888,10.252749272790616,1.0824924719845161,False,
bandpass_0p5_40,E71,11.989448544811871,115.46002810241268,0.16404877768283346,14.01184765505436,1.0626075111117887,False,
bandpass_0p5_40,E72,11.299133121042921,106.22861334536778,0.1938631764624868,14.967855203032038,1.0412517654182698,False,
bandpass_0p5_40,E73,20.040041124756872,217.93252798868704,0.2685948514702361,1.4548937220202267,1.107145861146729,False,
bandpass_0p5_40,E74,13.519866442801723,150.37048590440762,0.22020121486013156,3.473323143924164,1.112025671348454,False,
bandpass_0p5_40,E75,12.251512741839921,133.2034404511952,0.29993483227122664,9.47177020843153,1.0422077870423712,False,
bandpass_0p5_40,E76,11.752349240985165,120.93027371820006,0.13318053391969203,11.961317098925536,1.0254583427602462,False,
bandpass_0p5_40,E77,10.753539422012986,109.7095825348386,0.11472347739828663,13.54838175965538,1.0626766184390022,False,
bandpass_0p5_40,E78,7.580454372429211,76.40399586663551,0.17082105608974402,8.711635651152337,1.0003337633253069,False,
bandpass_0p5_40,E79,6.269146081784065,72.71913658820608,0.16734481765254464,60.875693589956164,0.9848607587539919,False,
bandpass_0p5_40,E80,3.6943944089117977,49.545575627206055,0.27910909355071123,68.97658504850176,0.9553252146791567,False,
bandpass_0p5_40,E81,17.728757761601393,191.7134766952206,0.28694805231855447,3.9278666330657646,1.237394468832082,False,
bandpass_0p5_40,E82,13.747777711639964,132.18387641148422,0.31770333214330226,5.038282516609861,1.173326388404842,False,
bandpass_0p5_40,E83,13.188845055284858,129.42281592751647,0.13622200803173828,10.232115621749696,1.1412967156990887,False,
bandpass_0p5_40,E84,12.219296032622964,125.22439856069187,0.12653970973856296,11.9520443986723,1.134766576392774,False,
bandpass_0p5_40,E85,9.849624809091393,104.46302555966575,0.23364835089198602,10.636386907264113,1.004906598326674,False,
bandpass_0p5_40,E86,8.307825169353658,81.22997679737432,0.19755965858304053,7.835502415601053,1.16884628740521,False,
bandpass_0p5_40,E87,5.424809659465689,61.40005263416626,0.26466621798057555,50.10763569295361,1.0099639375225757,False,
bandpass_0p5_40,E88,15.878659434523403,182.42449869938054,0.3717007313284279,4.650143207297464,1.1443314065952301,False,
bandpass_0p5_40,E89,13.459463112766562,139.3825363147363,0.3740397854728408,6.71958698964006,1.2129205964640886,False,
bandpass_0p5_40,E90,11.81917770506416,127.53200022874523,0.2997034035052276,8.072608026421532,1.1835492503944351,False,
bandpass_0p5_40,E91,10.83797647656433,117.72318628001364,0.23830156308671616,7.604746492653116,1.1235998293287577,False,
bandpass_0p5_40,E92,8.655588654340756,94.39292479099323,0.2842289098589058,6.467837643915384,1.1591548845420818,False,
bandpass_0p5_40,E93,8.364131487141098,102.71460354062708,0.30069436308175584,4.671940403863704,1.12804899272029,False,
bandpass_0p5_40,E94,19.529165216930664,213.8272446201621,0.30475488029253495,5.020066488672641,1.2670350375482577,False,
bandpass_0p5_40,E95,16.347207322728334,169.69285091232166,0.3641194868568101,5.319987960030071,1.1369770695532866,False,
bandpass_0p5_40,E96,13.767321476602683,187.03191308138747,0.3206081544958223,5.048386070556861,1.1610945136953104,False,
bandpass_0p5_40,E97,10.15972480458709,134.09695957264537,0.26429840743526406,4.365210427281422,1.1397635107516004,False,
bandpass_0p5_40,E98,9.649775924098542,125.78975276950973,0.34842652075888897,4.375540493736819,1.1505738052409828,False,
bandpass_0p5_40,E99,22.438407478495847,320.1806315839988,0.2289700548173461,3.180596294573183,1.1658083646957118,False,
bandpass_0p5_40,E100,17.39428925688322,205.65739892757648,0.31750864550303526,3.883767487566302,1.1615963828086757,False,
bandpass_0p5_40,E101,12.817552756226846,131.86334399081045,0.34895068171218946,3.4453775012966847,1.0748615523861338,False,
bandpass_0p5_40,E102,9.815196526436003,115.96963934127075,0.3379305623358603,4.748833878189809,1.1716956855398528,False,
bandpass_0p5_40,E103,5516.901229995036,40139.24559968918,0.008889407547602753,5.9902821934126385,0.7641547145879645,True,variance_outlier;peak_to_peak_outlier
bandpass_0p5_40,E104,7.894909643165656,103.63671736129811,0.19221827538112274,0.26065858961784594,1.0766101667456192,False,
bandpass_0p5_40,E105,5.143905711829441,68.0239502185787,0.2681386275888428,18.11662417721273,1.0174936071368739,False,
bandpass_0p5_40,E106,4.7029243198183455,50.980548339428296,0.10114019338858644,16.65654078556837,1.027895455856375,False,
bandpass_0p5_40,E107,25.47475172161222,328.5257411425915,0.238824518077832,3.620194200378491,0.8832402966928289,False,
bandpass_0p5_40,E108,24.883830405990693,376.2728181070527,0.11782213871619653,1.479187807127035,0.9544539387356981,False,
bandpass_0p5_40,E109,14.391473344894946,222.48251094184894,0.17865524323776347,1.1934940731306733,1.0242308763511547,False,
bandpass_0p5_40,E110,10.175313641101454,125.73841857965962,0.20936820351512284,1.4623559252434344,1.0138148399367621,False,
bandpass_0p5_40,E111,5.976849155076413,71.1809512820507,0.20745248626491755,0.3047109586820856,0.9669006484370609,False,
bandpass_0p5_40,E112,10.294098807637111,141.8094805675811,0.1810900849170101,16.40932058006039,0.8366611417608206,False,
bandpass_0p5_40,E113,18.44917974404312,289.98031346526676,0.26540083387119073,4.766986823948993,1.1433465862629921,False,
bandpass_0p5_40,E114,16.104362792507622,248.81965535630047,0.30748739994143187,4.022233746388199,1.0353150697236495,False,
bandpass_0p5_40,E115,17.87647375177846,297.0099318060983,0.11629185310876464,1.189840753238717,1.0276307536933476,False,
bandpass_0p5_40,E116,13.86284972778444,227.4719270403607,0.1265194248653796,0.9866550332504377,1.0107737716889842,False,
bandpass_0p5_40,E117,10.813156227339034,148.1689819357838,0.1596846154426443,2.140698441168588,1.0646175235544906,False,
bandpass_0p5_40,E118,10.33139212970848,133.22338342383642,0.22080154634265492,10.696667618964083,0.9390752756713919,False,
bandpass_0p5_40,E119,23.602824453083418,356.1410878419281,0.15382541875134542,3.5624539867614184,0.8217111146625428,False,
bandpass_0p5_40,E120,14.492977227748396,157.76074735460037,0.2874349353237742,4.571829116633499,1.1709518061259756,False,
bandpass_0p5_40,E121,14.331180065833028,163.09367604273973,0.2890995222419437,3.9755995598927893,1.1969470464189385,False,
bandpass_0p5_40,E122,15.73310974482148,280.92707912659773,0.1746600289912508,3.697604596263733,1.0759377587582009,False,
bandpass_0p5_40,E123,21.196240845866864,199.36009123908923,0.12983946830024756,3.88545578081426,0.8450447778507972,False,
bandpass_0p5_40,E124,14.729118130362828,177.07969943991472,0.24570186066336258,7.287955513448947,0.994451215711526,False,
bandpass_0p5_40,E125,16.39088922619282,170.34389123423244,0.28376306722484046,3.18586207880993,1.2731433089510404,False,
bandpass_0p5_40,E126,25.75336887616402,343.98988588241036,0.2204855443926242,1.4033427493867079,1.1805348194676026,False,
bandpass_0p5_40,E127,21.597265885380992,257.8826824442348,0.01667962017928406,1.390651415482666,1.2904276900165323,False,
bandpass_0p5_40,E128,22.467853571261188,321.6220862525192,0.16738962919758935,2.6519110939491974,1.0387374972256318,False,
