trial,channel,correlation,nrmse,delta_relative_error,theta_relative_error,alpha_relative_error,beta_relative_error,gamma_relative_error
1,E5,0.8352846377964588,0.5689296928793207,0.4863891233764921,0.3228742100399987,0.016464341241595636,0.10039850518752938,0.07781272774695998
1,E18,0.9263918553788147,0.3926204464276739,0.16424576116094766,0.05085151149835507,0.1275079242395469,0.26658958906486613,0.23671172533328183
1,E28,0.829494157613057,0.560724748034589,0.37314841625784584,0.38217696665784384,0.34192273248315613,0.39805639635259804,0.47171555443445684
1,E41,0.8215761344765764,0.5761747797161804,0.11167905578973795,0.13577061443003208,0.13410530853638206,0.17766142136759397,0.2929025881578569
1,E65,0.7724542101789648,0.7960085412862551,0.7569266161346784,0.39133848251352377,0.2015605057816146,0.5850123837285641,0.9615051977625351
1,E83,0.949750684316351,0.32348247807983227,0.043028006793954875,0.0009859221386804497,0.16275165053763857,0.021752881855571216,0.1967289935194845
1,E96,0.9354456473918843,0.35367128954655697,0.15542010885468122,0.14264214754537854,0.11681373791103009,0.16124047823697038,0.27440555938723454
1,E116,0.711029808738696,0.7186486916987385,0.24798541545544048,0.21360337781511643,0.24127445927750743,0.3352910095422952,0.5305361935617324
2,E5,0.8958709036048141,0.45136906882712996,0.4489182273125481,0.46435079745692803,0.06579975450156746,0.061676798370769496,0.03829530990219799
2,E18,0.7717360037060267,0.6921464835532737,0.21451410972491186,0.06351122705498731,0.2019054505485967,0.33425248216065795,0.308750748285663
2,E28,0.9446204849852023,0.49149570845917023,0.5392829406771009,0.45484668249342275,0.3270165930744988,0.2541987906743471,0.15574988894553138
2,E41,0.635834441413621,1.1558339310936576,0.1691425251612043,0.1501578354302482,0.11363352560195975,0.0683221189392663,0.07669612481476959
2,E65,0.5463479149132792,1.0803430495887973,0.7967686828814202,0.6734251379735723,0.17358684863491322,1.078852568464613,1.6937004508460594
2,E83,0.8168870175635266,0.5882562211260658,0.01864059849477051,0.0026340443552797426,0.22078010018288013,0.030886659282913842,0.3192305973970984
2,E96,0.7172347319185389,0.7185300612697822,0.553457439135501,0.15517195082765758,0.08897187840506018,0.27124255618500387,0.4985476213481442
2,E116,0.9402666714414214,0.34216166663222114,0.20094441537685112,0.36118336815618984,0.24059999773771612,0.3433047385907932,0.4317532121173916
3,E5,0.6967131729820912,0.8367064863433091,0.279540609257236,0.3807802034689365,0.13392581406149473,0.04481675400089882,0.09644017388111338
3,E18,0.9135223146907566,0.4218697431762554,0.10927681446401588,0.022480724770838498,0.14031496839028224,0.2681390543486875,0.10514452830072733
3,E28,0.5447556147311616,1.0300081942388075,0.21924818108344135,0.365750114913491,0.2891699730264764,0.2679305956906335,0.3841510684726858
3,E41,0.5108132329307284,1.3354592574292738,0.8908219393257899,0.032794848021062015,0.11119539174204672,0.03401265480285582,0.029548663734318536
3,E65,0.6599125168333737,1.155104288629127,1.0421235329967462,0.9758030513928817,0.3691329119316462,1.1540461448445027,0.62421240660074
3,E83,0.9633726468708695,0.2682506953115483,0.034976866799307615,0.011976735733467081,0.12634745187136595,0.11649904539421792,0.8267597954784297
3,E96,0.6102752764927782,0.8868825011013494,0.16395466371228723,0.03915995416933597,0.04172662703466317,0.4591716332817026,0.8161812937654032
3,E116,0.6144332734461944,1.0540051790835618,1.4824386353361676,1.3703796486320619,0.7848149429984068,0.4372282222382391,0.34440746946504136
4,E5,0.9452643501573138,0.4362039329735426,0.3506812883737764,0.06194495654272692,0.14335697598385222,0.3032683105927054,0.8875199885182861
4,E18,0.9807039442195478,0.2486745994355781,0.17717556464036527,0.05775616425022049,0.13040194824835202,0.16585173495966704,0.11001692531214273
4,E28,0.9432526347333557,0.3981180625398239,0.3891307658307547,0.40270902686720506,0.2701579828212251,0.46597794966663425,0.620977273539236
4,E41,0.7559890449233998,0.698902814059555,0.018733904657529703,0.04474435555886738,0.11628696909511864,0.1863879755014857,0.3273722103056433
4,E65,0.7135330450835927,1.0716518917674835,1.7073378036157363,2.558237995959807,0.6323760988154529,1.7018833081122526,1.5869210044528597
4,E83,0.8724427062729625,0.5118501521659707,0.029755925436096203,0.03148283393686864,0.12654533724647113,0.0218859407011909,0.2983327613419975
4,E96,0.8050788255130704,0.6664313087152555,0.5520266087928314,0.3266960581302941,0.10462837278956488,0.1157290731608555,0.346878129937587
4,E116,0.6115557703926486,1.1458030632424956,8.609884822471692,6.634559097921298,3.8345136474791177,0.8152217209960936,0.6969209419225022
5,E5,0.25179050062443925,4.574587505618738,42.49040136189085,5.709300753043496,1.392927564073029,1.0994989010916438,0.4533081923579442
5,E18,0.8782947851227209,0.48696750306419845,1.008852968845694,0.14090504378495824,0.11491822570071888,0.3267068627140005,0.4720494718357982
5,E28,0.9051838880012686,0.44691171328034096,0.5807600274104733,0.27502829143986735,0.1980273092150936,0.18353700744396345,0.002826307640393749
5,E41,0.783540562743534,0.8668853688131319,1.710951407774534,0.08880434125177622,0.17493214374691912,0.05759887566850094,0.010314436481921749
5,E65,0.7026775363583156,1.0172469580480672,1.4169274400701786,0.6801647837660236,0.3333545471427636,1.2435769295774066,3.5735098280182105
5,E83,0.5451786975781941,1.3910920358076238,2.302150650544686,0.2737334786445852,0.12209764723363813,0.016925981579610914,0.024744049837654134
5,E96,0.08394586517640742,9.175208657344616,187.42385687037327,14.426264857386187,1.2203385981237753,1.340771797643069,0.847437672023345
5,E116,0.04220701808716509,20.247813104155743,3515.321822061168,242.96673471490806,31.228477685911372,21.580784041414066,6.923241444415906
6,E5,0.11123802425615192,4.459715678935734,10.44331584864363,3.676169581879292,0.8336744871564108,0.9439932879404339,0.40987191569450976
6,E18,0.8636520175961223,0.6749738037045813,0.5789173894089256,0.17801266559498072,0.02942622336514511,0.13278147545166394,0.11592054221273054
6,E28,0.5315763953522988,0.9833591607041777,0.06016612442692891,0.2682419608202197,0.2719024314043447,0.42854779528026754,0.5615195843881201
6,E41,0.5040427572272884,1.0478453069130538,0.7232795481835549,0.2611682039648661,0.0992264474472166,0.14532759334676187,0.2921681312882234
6,E65,0.6448968056134452,1.1298379787648687,1.0734671691520827,0.6828479174199119,0.10259114222436523,0.7966257083719466,1.4577582335434123
6,E83,0.6377380357832724,1.1538499211081068,1.4511996130556093,0.12109891574420015,0.11720815781468798,0.037710180589431756,0.21192171692564246
6,E96,0.06984341505819057,10.970814490134508,120.14923532217999,19.421297798563195,1.321667323939482,1.238745849494882,0.12076688568149138
6,E116,0.008510001214274985,25.964961329256088,1897.8454470143,303.3403315778287,34.179902170213616,4.540695896138568,0.09183139209892419
7,E5,0.11599226948796817,9.439896638241915,54.311120509938924,10.233846438468007,2.0970958916732894,1.2416816922646505,0.384714241725077
7,E18,0.5868337880209651,1.2703337346597803,1.0317660687639512,0.13497744251493546,0.09752038809509418,0.19006311863766312,0.08723879114820872
7,E28,0.516924664746802,1.096188928867075,0.42062626906338013,0.2270195726967316,0.2511135688557073,0.5118071429597595,0.5824122377437032
7,E41,0.3316861571053036,1.5009198416848646,1.036071450646013,0.4245344444074462,0.042674998422335936,0.30261656824094385,0.57222578319351
7,E65,0.49573453655811833,1.7162392412217784,2.317211844032934,2.462745173410059,0.9985977238793455,1.9716374601021092,2.0230914134400813
7,E83,0.4215672784288945,1.7394715742720646,1.743503462889525,0.1473309462152683,0.1160237622379283,0.015710944759142826,0.2448220376268387
7,E96,0.1223037694696356,14.401048354359373,160.42088447290357,18.38052615372581,2.84088114633386,0.9147884416236205,0.43545698451399734
7,E116,-0.0227149996756923,38.249486808415945,2410.9935175010864,283.021574285751,54.64355885974656,3.7277429318651603,0.20643358118303382
8,E5,0.05022354305332374,5.648407514291341,13.981733613347828,5.478179066371834,1.586465376091638,1.5960632709570344,0.5673521743839564
8,E18,0.8169446728256844,0.804524908182526,0.5058029788388267,0.325826740978675,0.04994948635607348,0.3118621847616206,0.48562899341472116
8,E28,0.49867285979861314,1.0478896628545897,0.04426975055690837,0.1941563184852334,0.22708332246498308,0.2536251507195145,0.3199876912086442
8,E41,0.5034799618846757,1.4829210756789128,2.24720034223035,1.1123381684446914,0.12482889234065282,0.401411862116748,0.8598724520078167
8,E65,0.3472800109952407,2.615621156101259,6.926268989692528,5.958721208161956,1.3227584331849902,4.239579002488709,10.42750456358725
8,E83,0.5711682884491135,1.3525194192369467,1.7776307499225883,0.21895598751801434,0.1825450014471608,0.05550984667512559,0.24357012595363708
8,E96,0.03357064743843585,12.928362331301631,149.881206547395,18.155292842808425,1.8432513639992572,2.007906285720147,1.2389903979252037
8,E116,0.08632838883490569,56.38554143543759,3460.665949316944,423.98558087924005,52.31744119665405,29.325379063876415,11.470025827908056
9,E5,0.018740001218642874,5.508803346896789,9.68671672495895,3.601518241431799,0.7839159155874786,0.7528083822236207,0.3082719223923092
9,E18,0.7744447754861058,0.8376752946165649,0.39438068808049437,0.22535985360392946,0.08087048271180194,0.38238223136623795,0.5179170572512456
9,E28,0.20785342808898558,1.051917500834961,0.5561338310379231,0.5256533854694861,0.36870180443505934,0.5125610167127677,0.5954491722800721
9,E41,0.24248691079882378,1.1741837372488715,0.19304213746778634,0.39797540544740484,0.02170737578432474,0.17548761827565873,0.15766844666403693
9,E65,0.4535249041043003,1.797566158628626,2.504568018470584,3.3648688037572785,0.9437469388824636,4.258905910944805,7.847240100146655
9,E83,0.580300718650819,1.3080571339035516,0.9373463999459286,0.21243444679957293,0.13439355163828223,0.040172421569929055,0.18176294597364212
9,E96,0.1263836005693849,11.484847212028182,86.73311472935525,12.132969244693886,0.809446398666295,1.0589303417634688,0.02195315110363233
9,E116,0.06411829204913369,27.655155751402425,767.3434056201694,188.42831910472128,21.59527047422752,11.131869918542659,1.4925087354519941
10,E5,0.045462759294922044,9.529098369597273,31.777627603396574,9.185275257322136,1.6086189320338506,1.859823294170065,0.827524169899377
10,E18,0.6285060723006284,1.3350046452653817,0.7084552278981217,0.24971568756817192,0.08397390475864959,0.19622912367626386,0.10145675659465389
10,E28,0.1777767968902876,1.1616874893448341,0.5720455404971033,0.42042320429883945,0.3087805414919195,0.5443879597394322,0.6878380072347553
10,E41,0.1061923699822614,1.3881553830611775,0.43871734258413564,0.16473144507318543,0.018558950037375118,0.299313547745583,0.43694940491074
10,E65,0.3799843285484476,1.730017567994494,2.1442577074577316,1.2648054439285124,0.5285935683526504,1.2600291939149781,1.6006470567713438
10,E83,0.4971501844454743,2.144671961983212,3.5520866601391927,0.3437359618215708,0.1781168245577932,0.062127548490329906,0.3885773768527785
10,E96,-0.05345711249680304,16.48210674611048,225.7303817615665,25.4382001315567,2.9806137819209795,1.0293830836869948,0.2323115910435453
10,E116,-0.07158759361078934,6.540738876193017,226.37993108274623,202.3222533041903,47.352926957878815,4.9559426495502805,0.19348257664836077
11,E5,0.24748202120379484,5.685771093302096,16.464606114651854,5.798846303845872,1.4089676248722607,1.2490633682477854,0.42174151623094014
11,E18,0.7160150943473249,0.8961569757651118,0.31140832335220286,0.06952617524441793,0.1875330565512663,0.21869269413326706,0.12621266041068555
11,E28,0.4197644572944004,1.0539893453034908,0.055367575149727996,0.3734387292577538,0.315343129562531,0.558877945720776,0.6260306975924846
11,E41,0.1119200701736602,1.4291988955242843,0.24210411135853668,0.018067195701760838,0.16241385297414496,0.37813093689574695,0.5424937436790336
11,E65,0.4799436663589792,1.389474359145303,1.535410564100962,1.3559668244006786,0.2766277428783524,0.9658621236857519,1.1087842742453278
11,E83,0.5839256744137349,1.403146864168227,1.9592834494706362,0.2862686119792903,0.12829290381581587,0.014168634825635662,0.2206598599035074
11,E96,0.009750676483322463,11.72029669579663,117.93231715362393,15.88926772126159,1.1515548426177977,0.7320405154390449,0.4508720968586804
11,E116,-0.15881830800071078,13.175914893034754,408.89671351169784,194.1778084802951,32.39299653697801,3.4388392601510263,0.33387837407178317
